sourceCode,sourceName,sourceFrequency,sourceAutoAssignedConceptIds,ADD_INFO:sourceConceptId,ADD_INFO:sourceName_fi,ADD_INFO:sourceConceptClass,ADD_INFO:sourceDomain,ADD_INFO:sourceValidStartDate,ADD_INFO:sourceValidEndDate,matchScore,mappingStatus,equivalence,statusSetBy,statusSetOn,conceptId,conceptName,domainId,mappingType,comment,createdBy,createdOn,assignedReviewer
%,%,-1,,2001800190,,UNITfi Level 0,Unit,1970-01-01T00:00:00Z,2099-12-31T00:00:00Z,0.00,APPROVED,UNREVIEWED,TAYS,1639612800000,8554,percent,Unit,MAPS_TO,,TAYS,1639612800000,
%/lymf,%/lymf,7691,,2001800293,%/lymf,UNITfi Level 0,Unit,1970-01-01T00:00:00Z,2099-12-31T00:00:00Z,0.00,APPROVED,EQUAL,Javier,1717505156975,9228,percent of lymphocytes,Unit,MAPS_TO,Javier: looking at the data seems the same as %,Javier,1717505153181,
%g,%g,1755,,2001800278,%g,UNITfi Level 0,Unit,1970-01-01T00:00:00Z,2099-12-31T00:00:00Z,0.00,APPROVED,EQUAL,Javier,1717505248591,9503,gram percent,Unit,MAPS_TO,,Javier,1717505247007,
%hb:sta,%hb:sta,-1,,2001800229,,UNITfi Level 0,Unit,1970-01-01T00:00:00Z,2099-12-31T00:00:00Z,0.00,APPROVED,UNREVIEWED,HUS,1639612800000,8737,percent hemoglobin,Unit,MAPS_TO,,HUS,1639612800000,
%l,%l,1754,,2001800279,%l,UNITfi Level 0,Unit,1970-01-01T00:00:00Z,2099-12-31T00:00:00Z,0.00,APPROVED,UNREVIEWED,Javier,1717545600000,8554,percent,Unit,MAPS_TO,,Javier,1717545600000,
%m,%m,1755,,2001800280,%m,UNITfi Level 0,Unit,1970-01-01T00:00:00Z,2099-12-31T00:00:00Z,0.00,APPROVED,UNREVIEWED,Javier,1717545600000,8554,percent,Unit,MAPS_TO,,Javier,1717545600000,
apl,apl,-1,,2001800118,,UNITfi Level 0,Unit,1970-01-01T00:00:00Z,2099-12-31T00:00:00Z,0.00,APPROVED,UNREVIEWED,TAYS,1639612800000,9099,IgA phospholipid unit,Unit,MAPS_TO,,TAYS,1639612800000,
au/ml,au/ml,-1,,2001800130,,UNITfi Level 0,Unit,1970-01-01T00:00:00Z,2099-12-31T00:00:00Z,0.00,APPROVED,UNREVIEWED,TAYS,1639612800000,8980,arbitrary unit per milliliter,Unit,MAPS_TO,,TAYS,1639612800000,
bakt/ml,bakt/ml,-1,,2001800249,,UNITfi Level 0,Unit,1970-01-01T00:00:00Z,2099-12-31T00:00:00Z,0.00,APPROVED,UNREVIEWED,HUS,1639612800000,9257,per milliliter,Unit,MAPS_TO,,HUS,1639612800000,
bpm,bpm,-1,,2001800268,,UNITfi Level 0,Unit,1970-01-01T00:00:00Z,2099-12-31T00:00:00Z,0.00,APPROVED,UNREVIEWED,HUS,1639612800000,8541,per minute,Unit,MAPS_TO,,HUS,1639612800000,
bu/ml,bu/ml,-1,,2001800132,,UNITfi Level 0,Unit,1970-01-01T00:00:00Z,2099-12-31T00:00:00Z,0.00,APPROVED,UNREVIEWED,TAYS,1639612800000,44777562,Bethesda unit per milliliter,Unit,MAPS_TO,,TAYS,1639612800000,
cm,cm,-1,,2001800125,,UNITfi Level 0,Unit,1970-01-01T00:00:00Z,2099-12-31T00:00:00Z,0.00,APPROVED,UNREVIEWED,TAYS,1639612800000,8582,centimeter,Unit,MAPS_TO,,TAYS,1639612800000,
cmh2o,cmh2o,-1,,2001800259,,UNITfi Level 0,Unit,1970-01-01T00:00:00Z,2099-12-31T00:00:00Z,0.00,APPROVED,UNREVIEWED,HUS,1639612800000,44777590,centimeter watercolumn,Unit,MAPS_TO,,HUS,1639612800000,
cp(+37c),cp(+37c),-1,,2001800218,,UNITfi Level 0,Unit,1970-01-01T00:00:00Z,2099-12-31T00:00:00Z,0.00,APPROVED,UNREVIEWED,HUS,1639612800000,8479,centipoise,Unit,MAPS_TO,,HUS,1639612800000,
cpm,cpm,-1,,2001800224,,UNITfi Level 0,Unit,1970-01-01T00:00:00Z,2099-12-31T00:00:00Z,0.00,APPROVED,UNREVIEWED,TYKS,1638921600000,8483,counts per minute,Unit,MAPS_TO,,TYKS,1638921600000,
e12/l,e12/l,-1,,2001800204,,UNITfi Level 0,Unit,1970-01-01T00:00:00Z,2099-12-31T00:00:00Z,0.00,APPROVED,UNREVIEWED,TAYS,1639612800000,8734,trillion per liter,Unit,MAPS_TO,,TAYS,1639612800000,
e6,e6,-1,,2001800105,,UNITfi Level 0,Unit,1970-01-01T00:00:00Z,2099-12-31T00:00:00Z,0.00,APPROVED,UNREVIEWED,TAYS,1639612800000,8549,million,Unit,MAPS_TO,,TAYS,1639612800000,
e6/kg,e6/kg,-1,,2001800163,,UNITfi Level 0,Unit,1970-01-01T00:00:00Z,2099-12-31T00:00:00Z,0.00,APPROVED,UNREVIEWED,TAYS,1639612800000,9256,per milligram,Unit,MAPS_TO,,TAYS,1639612800000,
e6/l,e6/l,-1,,2001800108,,UNITfi Level 0,Unit,1970-01-01T00:00:00Z,2099-12-31T00:00:00Z,0.00,APPROVED,UNREVIEWED,TAYS,1639612800000,9442,million per liter,Unit,MAPS_TO,,TAYS,1639612800000,
e8,e8,-1,,2001800200,,UNITfi Level 0,Unit,1970-01-01T00:00:00Z,2099-12-31T00:00:00Z,0.00,APPROVED,UNREVIEWED,TAYS,1639612800000,9443,hundred million,Unit,MAPS_TO,,TAYS,1639612800000,
e8/kg,e8/kg,-1,,2001800215,,UNITfi Level 0,Unit,1970-01-01T00:00:00Z,2099-12-31T00:00:00Z,0.00,APPROVED,UNREVIEWED,TAYS,1639612800000,9252,per kilogram,Unit,MAPS_TO,,TAYS,1639612800000,
e9/l,e9/l,-1,,2001800162,,UNITfi Level 0,Unit,1970-01-01T00:00:00Z,2099-12-31T00:00:00Z,0.00,APPROVED,UNREVIEWED,TAYS,1639612800000,9444,billion per liter,Unit,MAPS_TO,,TAYS,1639612800000,
eiu,eiu,-1,,2001800155,,UNITfi Level 0,Unit,1970-01-01T00:00:00Z,2099-12-31T00:00:00Z,0.00,APPROVED,UNREVIEWED,TAYS,1639612800000,8556,EIA unit,Unit,MAPS_TO,,TAYS,1639612800000,
eu,eu,-1,,2001800202,,UNITfi Level 0,Unit,1970-01-01T00:00:00Z,2099-12-31T00:00:00Z,0.00,APPROVED,UNREVIEWED,HUS,1639612800000,8480,Ehrlich unit,Unit,MAPS_TO,,HUS,1639612800000,
eu/ml,eu/ml,-1,,2001800159,,UNITfi Level 0,Unit,1970-01-01T00:00:00Z,2099-12-31T00:00:00Z,0.00,APPROVED,UNREVIEWED,HUS,1639612800000,8695,Ehrlich unit per milliliter,Unit,MAPS_TO,,HUS,1639612800000,
fio2%,fio2%,-1,,2001800248,,UNITfi Level 0,Unit,1970-01-01T00:00:00Z,2099-12-31T00:00:00Z,0.00,APPROVED,UNREVIEWED,HUS,1639612800000,9230,percent oxygen,Unit,MAPS_TO,,HUS,1639612800000,
fl,fl,-1,,2001800123,,UNITfi Level 0,Unit,1970-01-01T00:00:00Z,2099-12-31T00:00:00Z,0.00,APPROVED,UNREVIEWED,TAYS,1639612800000,8583,femtoliter,Unit,MAPS_TO,,TAYS,1639612800000,
g,g,-1,,2001800133,,UNITfi Level 0,Unit,1970-01-01T00:00:00Z,2099-12-31T00:00:00Z,0.00,APPROVED,UNREVIEWED,TAYS,1639612800000,8504,gram,Unit,MAPS_TO,,TAYS,1639612800000,
g/24h,g/24h,807,,2001800289,g/24h,UNITfi Level 0,Unit,1970-01-01T00:00:00Z,2099-12-31T00:00:00Z,0.00,APPROVED,UNREVIEWED,Javier,1717545600000,8807,gram per 24 hours,Unit,MAPS_TO,,Javier,1717545600000,
g/l,g/l,-1,,2001800149,,UNITfi Level 0,Unit,1970-01-01T00:00:00Z,2099-12-31T00:00:00Z,0.00,APPROVED,UNREVIEWED,TAYS,1639612800000,8636,gram per liter,Unit,MAPS_TO,,TAYS,1639612800000,
g/mol,g/mol,-1,,2001800107,,UNITfi Level 0,Unit,1970-01-01T00:00:00Z,2099-12-31T00:00:00Z,0.00,APPROVED,UNREVIEWED,TAYS,1639612800000,44777595,gram per mole,Unit,MAPS_TO,,TAYS,1639612800000,
copies/ml,copies/ml,-1,,2001800234,,UNITfi Level 0,Unit,1970-01-01T00:00:00Z,2099-12-31T00:00:00Z,0.00,APPROVED,UNREVIEWED,HUS,1639612800000,8799,copies per milliliter,Unit,MAPS_TO,,HUS,1639612800000,
gpl,gpl,-1,,2001800179,,UNITfi Level 0,Unit,1970-01-01T00:00:00Z,2099-12-31T00:00:00Z,0.00,APPROVED,UNREVIEWED,TAYS,1639612800000,9100,IgG phospholipid unit,Unit,MAPS_TO,,TAYS,1639612800000,
h,h,-1,,2001800109,,UNITfi Level 0,Unit,1970-01-01T00:00:00Z,2099-12-31T00:00:00Z,0.00,APPROVED,UNREVIEWED,TAYS,1639612800000,8505,hour,Unit,MAPS_TO,,TAYS,1639612800000,
ifu/l,ifu/l,-1,,2001800114,,UNITfi Level 0,Unit,1970-01-01T00:00:00Z,2099-12-31T00:00:00Z,0.00,APPROVED,UNREVIEWED,TAYS,1639612800000,44777561,arbitrary unit per liter,Unit,MAPS_TO,,TAYS,1639612800000,
index,index,-1,,2001800160,,UNITfi Level 0,Unit,1970-01-01T00:00:00Z,2099-12-31T00:00:00Z,0.00,APPROVED,UNREVIEWED,HUS,1639612800000,8779,signal to cutoff ratio,Unit,MAPS_TO,,HUS,1639612800000,
inr,inr,-1,,2001800219,,UNITfi Level 0,Unit,1970-01-01T00:00:00Z,2099-12-31T00:00:00Z,0.00,APPROVED,EQUAL,Javier,1717486658247,8523,ratio,Unit,MAPS_TO,,Javier,1717486655699,
iu,iu,-1,,2001800127,,UNITfi Level 0,Unit,1970-01-01T00:00:00Z,2099-12-31T00:00:00Z,0.00,APPROVED,UNREVIEWED,TAYS,1639612800000,8718,international unit,Unit,MAPS_TO,,TAYS,1639612800000,
iu/l,iu/l,-1,,2001800117,,UNITfi Level 0,Unit,1970-01-01T00:00:00Z,2099-12-31T00:00:00Z,0.00,APPROVED,UNREVIEWED,TAYS,1639612800000,8923,international unit per liter,Unit,MAPS_TO,,TAYS,1639612800000,
iu/ml,iu/ml,-1,,2001800103,,UNITfi Level 0,Unit,1970-01-01T00:00:00Z,2099-12-31T00:00:00Z,0.00,APPROVED,UNREVIEWED,TAYS,1639612800000,8985,international unit per milliliter,Unit,MAPS_TO,,TAYS,1639612800000,
jdfu,jdfu,-1,,2001800223,,UNITfi Level 0,Unit,1970-01-01T00:00:00Z,2099-12-31T00:00:00Z,0.00,APPROVED,UNREVIEWED,TYKS,1638921600000,8560,Juvenile Diabetes Foundation unit,Unit,MAPS_TO,,TYKS,1638921600000,
kg,kg,-1,,2001800144,,UNITfi Level 0,Unit,1970-01-01T00:00:00Z,2099-12-31T00:00:00Z,0.00,APPROVED,UNREVIEWED,TAYS,1639612800000,9529,kilogram,Unit,MAPS_TO,,TAYS,1639612800000,
kg/l,kg/l,392002,,2001800296,kg/l,UNITfi Level 0,Unit,1970-01-01T00:00:00Z,2099-12-31T00:00:00Z,0.00,APPROVED,UNREVIEWED,Javier,1717545600000,9530,kilogram per liter,Unit,MAPS_TO,,Javier,1717545600000,
kiu/l,kiu/l,-1,,2001800209,,UNITfi Level 0,Unit,1970-01-01T00:00:00Z,2099-12-31T00:00:00Z,0.00,APPROVED,UNREVIEWED,TAYS,1639612800000,9058,kilo-international unit per liter,Unit,MAPS_TO,,TAYS,1639612800000,
kpa,kpa,-1,,2001800142,,UNITfi Level 0,Unit,1970-01-01T00:00:00Z,2099-12-31T00:00:00Z,0.00,APPROVED,UNREVIEWED,TAYS,1639612800000,44777602,kilopascal,Unit,MAPS_TO,,TAYS,1639612800000,
kpl/nk,kpl/nk,-1,,2001800138,,UNITfi Level 0,Unit,1970-01-01T00:00:00Z,2099-12-31T00:00:00Z,0.00,APPROVED,UNREVIEWED,TAYS,1639612800000,8786,per high power field,Unit,MAPS_TO,,TAYS,1639612800000,
ku/l,ku/l,-1,,2001800184,,UNITfi Level 0,Unit,1970-01-01T00:00:00Z,2099-12-31T00:00:00Z,0.00,APPROVED,UNREVIEWED,TAYS,1639612800000,8810,kilounit per liter,Unit,MAPS_TO,,TAYS,1639612800000,
l,l,-1,,2001800266,,UNITfi Level 0,Unit,1970-01-01T00:00:00Z,2099-12-31T00:00:00Z,0.00,APPROVED,UNREVIEWED,HUS,1639612800000,8519,liter,Unit,MAPS_TO,,HUS,1639612800000,
l/min,l/min,-1,,2001800270,,UNITfi Level 0,Unit,1970-01-01T00:00:00Z,2099-12-31T00:00:00Z,0.00,APPROVED,UNREVIEWED,HUS,1639612800000,8698,liter per minute,Unit,MAPS_TO,,HUS,1639612800000,
l/s,l/s,-1,,2001800256,,UNITfi Level 0,Unit,1970-01-01T00:00:00Z,2099-12-31T00:00:00Z,0.00,APPROVED,UNREVIEWED,HUS,1639612800000,32700,liter per second,Unit,MAPS_TO,,HUS,1639612800000,
m,m,-1,,2001800253,,UNITfi Level 0,Unit,1970-01-01T00:00:00Z,2099-12-31T00:00:00Z,0.00,APPROVED,UNREVIEWED,HUS,1639612800000,9546,meter,Unit,MAPS_TO,,HUS,1639612800000,
m2,m2,-1,,2001800146,,UNITfi Level 0,Unit,1970-01-01T00:00:00Z,2099-12-31T00:00:00Z,0.00,APPROVED,UNREVIEWED,TAYS,1639612800000,8617,square meter,Unit,MAPS_TO,,TAYS,1639612800000,
mg,mg,-1,,2001800128,,UNITfi Level 0,Unit,1970-01-01T00:00:00Z,2099-12-31T00:00:00Z,0.00,APPROVED,UNREVIEWED,TAYS,1639612800000,8576,milligram,Unit,MAPS_TO,,TAYS,1639612800000,
mg/24h,mg/24h,2427,,2001800290,mg/24h,UNITfi Level 0,Unit,1970-01-01T00:00:00Z,2099-12-31T00:00:00Z,0.00,APPROVED,UNREVIEWED,Javier,1717545600000,8909,milligram per 24 hours,Unit,MAPS_TO,,Javier,1717545600000,
mg/g,mg/g,-1,,2001800211,,UNITfi Level 0,Unit,1970-01-01T00:00:00Z,2099-12-31T00:00:00Z,0.00,APPROVED,UNREVIEWED,TAYS,1639612800000,8723,milligram per gram,Unit,MAPS_TO,,TAYS,1639612800000,
mg/gkrea,mg/gkrea,-1,,2001800213,,UNITfi Level 0,Unit,1970-01-01T00:00:00Z,2099-12-31T00:00:00Z,0.00,APPROVED,UNREVIEWED,TAYS,1639612800000,9017,milligram per gram of creatinine,Unit,MAPS_TO,,TAYS,1639612800000,
mg/gkuivap,mg/gkuivap,-1,,2001800260,,UNITfi Level 0,Unit,1970-01-01T00:00:00Z,2099-12-31T00:00:00Z,0.00,APPROVED,UNREVIEWED,HUS,1639612800000,44777608,milligram per gram dry weight,Unit,MAPS_TO,,HUS,1639612800000,
mg/l,mg/l,-1,,2001800197,,UNITfi Level 0,Unit,1970-01-01T00:00:00Z,2099-12-31T00:00:00Z,0.00,APPROVED,UNREVIEWED,TAYS,1639612800000,8751,milligram per liter,Unit,MAPS_TO,,TAYS,1639612800000,
mg/ml,mg/ml,-1,,2001800199,,UNITfi Level 0,Unit,1970-01-01T00:00:00Z,2099-12-31T00:00:00Z,0.00,APPROVED,UNREVIEWED,TAYS,1639612800000,8861,milligram per milliliter,Unit,MAPS_TO,,TAYS,1639612800000,
mg/mmol,mg/mmol,-1,,2001800261,,UNITfi Level 0,Unit,1970-01-01T00:00:00Z,2099-12-31T00:00:00Z,0.00,APPROVED,UNREVIEWED,HUS,1639612800000,44777612,milligram per millimole,Unit,MAPS_TO,,HUS,1639612800000,
min,min,-1,,2001800147,,UNITfi Level 0,Unit,1970-01-01T00:00:00Z,2099-12-31T00:00:00Z,0.00,APPROVED,UNREVIEWED,TAYS,1639612800000,8550,minute,Unit,MAPS_TO,,TAYS,1639612800000,
miu/l,miu/l,-1,,2001800161,,UNITfi Level 0,Unit,1970-01-01T00:00:00Z,2099-12-31T00:00:00Z,0.00,APPROVED,UNREVIEWED,TAYS,1639612800000,9040,milli-international unit per liter,Unit,MAPS_TO,,TAYS,1639612800000,
miu/ml,miu/ml,-1,,2001800254,,UNITfi Level 0,Unit,1970-01-01T00:00:00Z,2099-12-31T00:00:00Z,0.00,APPROVED,UNREVIEWED,HUS,1639612800000,9550,milli-international unit per milliliter,Unit,MAPS_TO,,HUS,1639612800000,
ml,ml,-1,,2001800131,,UNITfi Level 0,Unit,1970-01-01T00:00:00Z,2099-12-31T00:00:00Z,0.00,APPROVED,UNREVIEWED,TAYS,1639612800000,8587,milliliter,Unit,MAPS_TO,,TAYS,1639612800000,
ml/dl,ml/dl,-1,,2001800151,,UNITfi Level 0,Unit,1970-01-01T00:00:00Z,2099-12-31T00:00:00Z,0.00,APPROVED,UNREVIEWED,TAYS,1639612800000,9570,milliliter per deciliter,Unit,MAPS_TO,,TAYS,1639612800000,
ml/h,ml/h,-1,,2001800275,,UNITfi Level 0,Unit,1970-01-01T00:00:00Z,2099-12-31T00:00:00Z,0.00,APPROVED,UNREVIEWED,HUS,1639612800000,44777613,milliliter per hour,Unit,MAPS_TO,,HUS,1639612800000,
ml/min,ml/min,-1,,2001800195,,UNITfi Level 0,Unit,1970-01-01T00:00:00Z,2099-12-31T00:00:00Z,0.00,APPROVED,UNREVIEWED,TAYS,1639612800000,8795,milliliter per minute,Unit,MAPS_TO,,TAYS,1639612800000,
ml/min/173m2,ml/min/173m2,-1,,2001800247,,UNITfi Level 0,Unit,1970-01-01T00:00:00Z,2099-12-31T00:00:00Z,0.00,APPROVED,EQUAL,javier,1661497679841,720870,milliliter per minute per 1.73 square meter,Unit,MAPS_TO,Invalid existing target: 9117,javier,1661497677485,
ml/min/a,ml/min/a,-1,,2001800214,,UNITfi Level 0,Unit,1970-01-01T00:00:00Z,2099-12-31T00:00:00Z,0.00,APPROVED,UNREVIEWED,TAYS,1639612800000,32710,liter per minute per square meter,Unit,MAPS_TO,,TAYS,1639612800000,
ml/min/s,ml/min/s,-1,,2001800148,,UNITfi Level 0,Unit,1970-01-01T00:00:00Z,2099-12-31T00:00:00Z,0.00,APPROVED,EQUAL,javier,1661497544434,720870,milliliter per minute per 1.73 square meter,Unit,MAPS_TO,Invalid existing target: 9117,javier,1661497538314,
ml/ml,ml/ml,-1,,2001800122,,UNITfi Level 0,Unit,1970-01-01T00:00:00Z,2099-12-31T00:00:00Z,0.00,APPROVED,UNREVIEWED,TAYS,1639612800000,45891033,milliliter per milliliter,Unit,MAPS_TO,,TAYS,1639612800000,
ml/s,ml/s,-1,,2001800154,,UNITfi Level 0,Unit,1970-01-01T00:00:00Z,2099-12-31T00:00:00Z,0.00,APPROVED,UNREVIEWED,TAYS,1639612800000,44777614,milliliter per second,Unit,MAPS_TO,,TAYS,1639612800000,
ml/s/173m2,ml/s/173m2,-1,,2001800262,,UNITfi Level 0,Unit,1970-01-01T00:00:00Z,2099-12-31T00:00:00Z,0.00,APPROVED,UNREVIEWED,HUS,1639612800000,44777614,milliliter per second,Unit,MAPS_TO,,HUS,1639612800000,
ml/24h,ml/24h,-1,,2001800240,,UNITfi Level 0,Unit,1970-01-01T00:00:00Z,2099-12-31T00:00:00Z,0.00,APPROVED,UNREVIEWED,HUS,1639612800000,8930,milliliter per 24 hours,Unit,MAPS_TO,,HUS,1639612800000,
eliau/ml,eliau/ml,77836,,2001800281,eliau/ml,UNITfi Level 0,Unit,1970-01-01T00:00:00Z,2099-12-31T00:00:00Z,0.00,APPROVED,UNREVIEWED,Javier,1717545600000,8980,arbitrary unit per milliliter,Unit,MAPS_TO,Javier: assumption 'eliau' is the same as 'au'/'units',Javier,1717545600000,
mm,mm,-1,,2001800172,,UNITfi Level 0,Unit,1970-01-01T00:00:00Z,2099-12-31T00:00:00Z,0.00,APPROVED,UNREVIEWED,TAYS,1639612800000,8588,millimeter,Unit,MAPS_TO,,TAYS,1639612800000,
mm/h,mm/h,-1,,2001800166,,UNITfi Level 0,Unit,1970-01-01T00:00:00Z,2099-12-31T00:00:00Z,0.00,APPROVED,UNREVIEWED,TAYS,1639612800000,8752,millimeter per hour,Unit,MAPS_TO,,TAYS,1639612800000,
mmhg,mmhg,-1,,2001800173,,UNITfi Level 0,Unit,1970-01-01T00:00:00Z,2099-12-31T00:00:00Z,0.00,APPROVED,UNREVIEWED,TAYS,1639612800000,8876,millimeter mercury column,Unit,MAPS_TO,,TAYS,1639612800000,
mmol,mmol,-1,,2001800180,,UNITfi Level 0,Unit,1970-01-01T00:00:00Z,2099-12-31T00:00:00Z,0.00,APPROVED,UNREVIEWED,TAYS,1639612800000,9573,millimole,Unit,MAPS_TO,,TAYS,1639612800000,
mmol/24h,mmol/24h,-1,,2001800238,,UNITfi Level 0,Unit,1970-01-01T00:00:00Z,2099-12-31T00:00:00Z,0.00,APPROVED,UNREVIEWED,HUS,1639612800000,8910,millimole per 24 hours,Unit,MAPS_TO,,HUS,1639612800000,
ug/gkre,ug/gkre,-1,,2001800115,,UNITfi Level 0,Unit,1970-01-01T00:00:00Z,2099-12-31T00:00:00Z,0.00,APPROVED,UNREVIEWED,TAYS,1639612800000,9014,microgram per gram of creatinine,Unit,MAPS_TO,,TAYS,1639612800000,
mmol/g,mmol/g,-1,,2001800157,,UNITfi Level 0,Unit,1970-01-01T00:00:00Z,2099-12-31T00:00:00Z,0.00,APPROVED,UNREVIEWED,TAYS,1639612800000,9576,millimole per gram,Unit,MAPS_TO,,TAYS,1639612800000,
mmol/l,mmol/l,-1,,2001800201,,UNITfi Level 0,Unit,1970-01-01T00:00:00Z,2099-12-31T00:00:00Z,0.00,APPROVED,UNREVIEWED,TAYS,1639612800000,8753,millimole per liter,Unit,MAPS_TO,,TAYS,1639612800000,
mmol/l/ph74,mmol/l/ph74,-1,,2001800232,,UNITfi Level 0,Unit,1970-01-01T00:00:00Z,2099-12-31T00:00:00Z,0.00,APPROVED,UNREVIEWED,HUS,1639612800000,8753,millimole per liter,Unit,MAPS_TO,,HUS,1639612800000,
mmol/mol,mmol/mol,-1,,2001800136,,UNITfi Level 0,Unit,1970-01-01T00:00:00Z,2099-12-31T00:00:00Z,0.00,APPROVED,UNREVIEWED,TAYS,1639612800000,9579,millimole per mole,Unit,MAPS_TO,,TAYS,1639612800000,
mol/l,mol/l,82,,2001800298,mol/l,UNITfi Level 0,Unit,1970-01-01T00:00:00Z,2099-12-31T00:00:00Z,0.00,APPROVED,UNREVIEWED,Javier,1717545600000,9586,mole per liter,Unit,MAPS_TO,,Javier,1717545600000,
mom,mom,-1,,2001800212,,UNITfi Level 0,Unit,1970-01-01T00:00:00Z,2099-12-31T00:00:00Z,0.00,APPROVED,UNREVIEWED,TAYS,1639612800000,8494,multiple of the median,Unit,MAPS_TO,,TAYS,1639612800000,
mosm/kg,mosm/kg,-1,,2001800119,,UNITfi Level 0,Unit,1970-01-01T00:00:00Z,2099-12-31T00:00:00Z,0.00,APPROVED,UNREVIEWED,TAYS,1639612800000,8862,milliosmole per kilogram,Unit,MAPS_TO,,TAYS,1639612800000,
mosm/kgh2o,mosm/kgh2o,-1,,2001800221,,UNITfi Level 0,Unit,1970-01-01T00:00:00Z,2099-12-31T00:00:00Z,0.00,APPROVED,UNREVIEWED,TYKS,1638921600000,8991,milliosmole per kilogram of H20,Unit,MAPS_TO,,TYKS,1638921600000,
mpas,mpas,-1,,2001800129,,UNITfi Level 0,Unit,1970-01-01T00:00:00Z,2099-12-31T00:00:00Z,0.00,APPROVED,UNREVIEWED,TAYS,1639612800000,44777622,millipascal second,Unit,MAPS_TO,,TAYS,1639612800000,
mpl,mpl,-1,,2001800208,,UNITfi Level 0,Unit,1970-01-01T00:00:00Z,2099-12-31T00:00:00Z,0.00,APPROVED,UNREVIEWED,TAYS,1639612800000,9101,IgM phospholipid unit,Unit,MAPS_TO,,TAYS,1639612800000,
mu/l,mu/l,-1,,2001800258,,UNITfi Level 0,Unit,1970-01-01T00:00:00Z,2099-12-31T00:00:00Z,0.00,APPROVED,UNREVIEWED,HUS,1639612800000,44777578,milliunit per liter,Unit,MAPS_TO,,HUS,1639612800000,
ng/l,ng/l,-1,,2001800168,,UNITfi Level 0,Unit,1970-01-01T00:00:00Z,2099-12-31T00:00:00Z,0.00,APPROVED,UNREVIEWED,TAYS,1639612800000,8725,nanogram per liter,Unit,MAPS_TO,,TAYS,1639612800000,
ng/ml,ng/ml,-1,,2001800140,,UNITfi Level 0,Unit,1970-01-01T00:00:00Z,2099-12-31T00:00:00Z,0.00,APPROVED,UNREVIEWED,TAYS,1639612800000,8842,nanogram per milliliter,Unit,MAPS_TO,,TAYS,1639612800000,
nmol,nmol,-1,,2001800120,,UNITfi Level 0,Unit,1970-01-01T00:00:00Z,2099-12-31T00:00:00Z,0.00,APPROVED,UNREVIEWED,TAYS,1639612800000,9607,nanomole,Unit,MAPS_TO,,TAYS,1639612800000,
nmol/24h,nmol/24h,-1,,2001800264,,UNITfi Level 0,Unit,1970-01-01T00:00:00Z,2099-12-31T00:00:00Z,0.00,APPROVED,UNREVIEWED,HUS,1639612800000,44777627,nanomole per 24 hours,Unit,MAPS_TO,,HUS,1639612800000,
nmol/g,nmol/g,-1,,2001800176,,UNITfi Level 0,Unit,1970-01-01T00:00:00Z,2099-12-31T00:00:00Z,0.00,APPROVED,UNREVIEWED,TAYS,1639612800000,9609,nanomole per gram,Unit,MAPS_TO,,TAYS,1639612800000,
nmol/l,nmol/l,-1,,2001800189,,UNITfi Level 0,Unit,1970-01-01T00:00:00Z,2099-12-31T00:00:00Z,0.00,APPROVED,UNREVIEWED,TAYS,1639612800000,8736,nanomole per liter,Unit,MAPS_TO,,TAYS,1639612800000,
o/oo,o/oo,-1,,2001800143,,UNITfi Level 0,Unit,1970-01-01T00:00:00Z,2099-12-31T00:00:00Z,0.00,APPROVED,UNREVIEWED,HUS,1639612800000,9154,parts per thousand,Unit,MAPS_TO,,HUS,1639612800000,
osuus,osuus,-1,,2001800135,,UNITfi Level 0,Unit,1970-01-01T00:00:00Z,2099-12-31T00:00:00Z,0.00,APPROVED,UNREVIEWED,TAYS,1639612800000,8523,ratio,Unit,MAPS_TO,,TAYS,1639612800000,
cfu,cfu,-1,,2001800210,,UNITfi Level 0,Unit,1970-01-01T00:00:00Z,2099-12-31T00:00:00Z,0.00,APPROVED,UNREVIEWED,TAYS,1639612800000,9278,colony forming unit,Unit,MAPS_TO,,TAYS,1639612800000,
pg,pg,-1,,2001800104,,UNITfi Level 0,Unit,1970-01-01T00:00:00Z,2099-12-31T00:00:00Z,0.00,APPROVED,UNREVIEWED,TAYS,1639612800000,8564,picogram,Unit,MAPS_TO,,TAYS,1639612800000,
pg/cell,pg/cell,54822,,2001800285,pg/cell,UNITfi Level 0,Unit,1970-01-01T00:00:00Z,2099-12-31T00:00:00Z,0.00,APPROVED,UNREVIEWED,Javier,1717545600000,8704,picogram per cell,Unit,MAPS_TO,,Javier,1717545600000,
pg/g,pg/g,-1,,2001800102,,UNITfi Level 0,Unit,1970-01-01T00:00:00Z,2099-12-31T00:00:00Z,0.00,APPROVED,UNREVIEWED,TAYS,1639612800000,9602,nanogram per kilogram,Unit,MAPS_TO,,TAYS,1639612800000,
pg/ml,pg/ml,-1,,2001800137,,UNITfi Level 0,Unit,1970-01-01T00:00:00Z,2099-12-31T00:00:00Z,0.00,APPROVED,UNREVIEWED,TAYS,1639612800000,8845,picogram per milliliter,Unit,MAPS_TO,,TAYS,1639612800000,
ph,ph,-1,,2001800192,,UNITfi Level 0,Unit,1970-01-01T00:00:00Z,2099-12-31T00:00:00Z,0.00,APPROVED,UNREVIEWED,TAYS,1639612800000,8482,pH,Unit,MAPS_TO,,TAYS,1639612800000,
point,point,-1,,2001800250,,UNITfi Level 0,Unit,1970-01-01T00:00:00Z,2099-12-31T00:00:00Z,0.00,APPROVED,UNREVIEWED,HUS,1639612800000,9384,point,Unit,MAPS_TO,,HUS,1639612800000,
pmol/l,pmol/l,-1,,2001800158,,UNITfi Level 0,Unit,1970-01-01T00:00:00Z,2099-12-31T00:00:00Z,0.00,APPROVED,UNREVIEWED,TAYS,1639612800000,8729,picomole per liter,Unit,MAPS_TO,,TAYS,1639612800000,
promille,promille,-1,,2001800222,,UNITfi Level 0,Unit,1970-01-01T00:00:00Z,2099-12-31T00:00:00Z,0.00,APPROVED,UNREVIEWED,TYKS,1638921600000,9154,parts per thousand,Unit,MAPS_TO,,TYKS,1638921600000,
ratio,ratio,5099,,2001800297,ratio,UNITfi Level 0,Unit,1970-01-01T00:00:00Z,2099-12-31T00:00:00Z,0.00,APPROVED,UNREVIEWED,Javier,1717545600000,8523,ratio,Unit,MAPS_TO,,Javier,1717545600000,
s,s,-1,,2001800121,,UNITfi Level 0,Unit,1970-01-01T00:00:00Z,2099-12-31T00:00:00Z,0.00,APPROVED,UNREVIEWED,TAYS,1639612800000,8555,second,Unit,MAPS_TO,,TAYS,1639612800000,
score,score,-1,,2001800167,,UNITfi Level 0,Unit,1970-01-01T00:00:00Z,2099-12-31T00:00:00Z,0.00,APPROVED,UNREVIEWED,TAYS,1639612800000,44777566,score,Unit,MAPS_TO,,TAYS,1639612800000,
sgu,sgu,-1,,2001800174,,UNITfi Level 0,Unit,1970-01-01T00:00:00Z,2099-12-31T00:00:00Z,0.00,APPROVED,UNREVIEWED,TAYS,1639612800000,8610,beta-2 GPI IgG Ab unit,Unit,MAPS_TO,,TAYS,1639612800000,
spu/ml,spu/ml,-1,,2001800111,,UNITfi Level 0,Unit,1970-01-01T00:00:00Z,2099-12-31T00:00:00Z,0.00,APPROVED,UNREVIEWED,TAYS,1639612800000,8985,international unit per milliliter,Unit,MAPS_TO,,TAYS,1639612800000,
suhde,suhde,-1,,2001800101,,UNITfi Level 0,Unit,1970-01-01T00:00:00Z,2099-12-31T00:00:00Z,0.00,APPROVED,UNREVIEWED,TAYS,1639612800000,8523,ratio,Unit,MAPS_TO,,TAYS,1639612800000,
titre,titre,86520,,2001800302,titre,UNITfi Level 0,Unit,1970-01-01T00:00:00Z,2099-12-31T00:00:00Z,0.00,APPROVED,UNREVIEWED,Javier,1717545600000,8525,titer,Unit,MAPS_TO,,Javier,1717545600000,
u,u,-1,,2001800110,,UNITfi Level 0,Unit,1970-01-01T00:00:00Z,2099-12-31T00:00:00Z,0.00,APPROVED,UNREVIEWED,TAYS,1639612800000,8510,unit,Unit,MAPS_TO,,TAYS,1639612800000,
u/field,u/field,1547,,2001800292,u/field,UNITfi Level 0,Unit,1970-01-01T00:00:00Z,2099-12-31T00:00:00Z,0.00,APPROVED,EQUAL,Javier,1722946697858,8786,per high power field,Unit,MAPS_TO,Javier: there is not field units,Javier,1722946694339,
u/g,u/g,-1,,2001800183,,UNITfi Level 0,Unit,1970-01-01T00:00:00Z,2099-12-31T00:00:00Z,0.00,APPROVED,UNREVIEWED,TAYS,1639612800000,8629,unit per gram,Unit,MAPS_TO,,TAYS,1639612800000,
u/l,u/l,-1,,2001800152,,UNITfi Level 0,Unit,1970-01-01T00:00:00Z,2099-12-31T00:00:00Z,0.00,APPROVED,UNREVIEWED,TAYS,1639612800000,8645,unit per liter,Unit,MAPS_TO,,TAYS,1639612800000,
u/ml,u/ml,-1,,2001800175,,UNITfi Level 0,Unit,1970-01-01T00:00:00Z,2099-12-31T00:00:00Z,0.00,APPROVED,UNREVIEWED,TAYS,1639612800000,8763,unit per milliliter,Unit,MAPS_TO,,TAYS,1639612800000,
u/h,u/h,-1,,2001800191,,UNITfi Level 0,Unit,1970-01-01T00:00:00Z,2099-12-31T00:00:00Z,0.00,APPROVED,UNREVIEWED,TAYS,1639612800000,8630,unit per hour,Unit,MAPS_TO,,TAYS,1639612800000,
u/24h,u/24h,-1,,2001800185,,UNITfi Level 0,Unit,1970-01-01T00:00:00Z,2099-12-31T00:00:00Z,0.00,APPROVED,UNREVIEWED,TAYS,1639612800000,44777567,unit per 24 hours,Unit,MAPS_TO,,TAYS,1639612800000,
ug,ug,-1,,2001800255,,UNITfi Level 0,Unit,1970-01-01T00:00:00Z,2099-12-31T00:00:00Z,0.00,APPROVED,UNREVIEWED,HUS,1639612800000,9655,microgram,Unit,MAPS_TO,,HUS,1639612800000,
ug/g,ug/g,550839,,2001800288,ug/g,UNITfi Level 0,Unit,1970-01-01T00:00:00Z,2099-12-31T00:00:00Z,0.00,APPROVED,UNREVIEWED,Javier,1717545600000,8720,microgram per gram,Unit,MAPS_TO,,Javier,1717545600000,
ug/l,ug/l,6191632,,2001800286,ug/l,UNITfi Level 0,Unit,1970-01-01T00:00:00Z,2099-12-31T00:00:00Z,0.00,APPROVED,UNREVIEWED,Javier,1717545600000,8748,microgram per liter,Unit,MAPS_TO,,Javier,1717545600000,
ug/l/h,ug/l/h,-1,,2001800139,,UNITfi Level 0,Unit,1970-01-01T00:00:00Z,2099-12-31T00:00:00Z,0.00,APPROVED,UNREVIEWED,TAYS,1639612800000,9020,nanogram per milliliter and hour,Unit,MAPS_TO,,TAYS,1639612800000,
ug/min,ug/min,31273,,2001800291,ug/min,UNITfi Level 0,Unit,1970-01-01T00:00:00Z,2099-12-31T00:00:00Z,0.00,APPROVED,UNREVIEWED,Javier,1717545600000,8774,microgram per minute,Unit,MAPS_TO,,Javier,1717545600000,
ug/ml,ug/ml,-1,,2001800112,,UNITfi Level 0,Unit,1970-01-01T00:00:00Z,2099-12-31T00:00:00Z,0.00,APPROVED,UNREVIEWED,TAYS,1639612800000,8859,microgram per milliliter,Unit,MAPS_TO,,TAYS,1639612800000,
ugeq/ml,ugeq/ml,-1,,2001800171,,UNITfi Level 0,Unit,1970-01-01T00:00:00Z,2099-12-31T00:00:00Z,0.00,APPROVED,UNREVIEWED,TAYS,1639612800000,9046,microgram equivalent per milliliter,Unit,MAPS_TO,,TAYS,1639612800000,
umol,umol,-1,,2001800165,,UNITfi Level 0,Unit,1970-01-01T00:00:00Z,2099-12-31T00:00:00Z,0.00,APPROVED,UNREVIEWED,TAYS,1639612800000,9667,micromole,Unit,MAPS_TO,,TAYS,1639612800000,
umol/24h,umol/24h,7355,,2001800301,umol/24h,UNITfi Level 0,Unit,1970-01-01T00:00:00Z,2099-12-31T00:00:00Z,0.00,APPROVED,UNREVIEWED,Javier,1717545600000,8907,micromole per 24 hours,Unit,MAPS_TO,,Javier,1717545600000,
umol/kg,umol/kg,-1,,2001800188,,UNITfi Level 0,Unit,1970-01-01T00:00:00Z,2099-12-31T00:00:00Z,0.00,APPROVED,UNREVIEWED,HUS,1639612800000,9609,nanomole per gram,Unit,MAPS_TO,,HUS,1639612800000,
umol/l,umol/l,40661212,,2001800300,umol/l,UNITfi Level 0,Unit,1970-01-01T00:00:00Z,2099-12-31T00:00:00Z,0.00,APPROVED,UNREVIEWED,Javier,1717545600000,8749,micromole per liter,Unit,MAPS_TO,,Javier,1717545600000,
umol/min,umol/min,-1,,2001800177,,UNITfi Level 0,Unit,1970-01-01T00:00:00Z,2099-12-31T00:00:00Z,0.00,APPROVED,UNREVIEWED,TAYS,1639612800000,44777655,micromole per minute,Unit,MAPS_TO,,TAYS,1639612800000,
umol/mol,umol/mol,-1,,2001800170,,UNITfi Level 0,Unit,1970-01-01T00:00:00Z,2099-12-31T00:00:00Z,0.00,APPROVED,UNREVIEWED,TAYS,1639612800000,9674,micromole per mole,Unit,MAPS_TO,,TAYS,1639612800000,
y,y,-1,,2001800206,,UNITfi Level 0,Unit,1970-01-01T00:00:00Z,2099-12-31T00:00:00Z,0.00,APPROVED,UNREVIEWED,TAYS,1639612800000,9448,year,Unit,MAPS_TO,,TAYS,1639612800000,
ve/ml,ve/ml,-1,,2001800242,,UNITfi Level 0,Unit,1970-01-01T00:00:00Z,2099-12-31T00:00:00Z,0.00,APPROVED,UNREVIEWED,HUS,1639612800000,8980,arbitrary unit per milliliter,Unit,MAPS_TO,,HUS,1639612800000,
vol%,vol%,14139,,2001800303,vol%,UNITfi Level 0,Unit,1970-01-01T00:00:00Z,2099-12-31T00:00:00Z,0.00,APPROVED,UNREVIEWED,Javier,1717545600000,8554,percent,Unit,MAPS_TO,,Javier,1717545600000,
x,x,-1,,2001800273,,UNITfi Level 0,Unit,1970-01-01T00:00:00Z,2099-12-31T00:00:00Z,0.00,APPROVED,UNREVIEWED,HUS,1639612800000,8524,times,Unit,MAPS_TO,,HUS,1639612800000,
u/mg,u/mg,-1,,2001800164,,UNITfi Level 0,Unit,1970-01-01T00:00:00Z,2099-12-31T00:00:00Z,0.00,APPROVED,UNREVIEWED,HUS,1639612800000,45891030,unit per milligram,Unit,MAPS_TO,,HUS,1639612800000,
°c,°c,-1,,2001800257,,UNITfi Level 0,Unit,1970-01-01T00:00:00Z,2099-12-31T00:00:00Z,0.00,APPROVED,UNREVIEWED,HUS,1639612800000,586323,degree Celsius,Unit,MAPS_TO,,HUS,1639612800000,
estimate,estimate,-1,,2001800257,,UNITfi Level 0,Unit,1970-01-01T00:00:00Z,2099-12-31T00:00:00Z,0.00,UNCHECKED,UNREVIEWED,Javier,0,0,Unmapped,,MAPS_TO,,,0,
