TEST_NAME	TEST_ID	COUNT	top_prevalence	has_unit_data
b-eryt	1341	2046474	100.0	True
b-leuk	2218	2031768	100.0	True
b-trom	2791	1835388	100.0	True
b-hkr	1358	1108179	52.67	True
p-tt-inr	4520	827663	92.6	True
b-neut	3238	560729	99.5	True
p-inr	4520	465614	100.0	True
ab-ph	1527	375883	98.69	True
b-hkr	3001358	364840	84.79	True
b-leuk	3002218	348425	100.0	True
b-eryt	3001341	339178	100.0	True
e-mch	3001558	338725	100.0	True
e-mcv	3001357	338615	100.0	True
b-trom	3002791	338540	100.0	True
b-hb	3001552	322284	100.0	True
b-eos	1330	320814	99.8	True
b-monos	3230	310738	99.57	True
b-hb	1552	306395	100.0	True
b-baso	3157	301099	99.84	True
b-ly	3223	298815	99.33	True
u-ph	1530	291005	98.78	True
b-erblast	8518	290470	100.0	True
s-ph	8523	283517	0.0	False
p-k	1999	269981	100.0	True
e-mcv	1357	247360	100.0	True
e-mch	1558	243479	99.77	True
p-inr	3004520	234554	0.0	False
p-k	3001999	229082	100.0	True
p-na	3003622	222257	100.0	True
p-na	3622	192896	100.0	True
b-hb	1001552	187110	100.0	True
b-hkr	1001358	186638	100.0	True
b-leuk	1002218	186134	100.0	True
b-eryt	1001341	185621	100.0	True
e-mcv	1001357	185288	100.0	True
b-trom	1002791	185060	100.0	True
e-mch	1001558	184982	100.0	True
e-mchc	3001557	176587	100.0	True
u-suhti	2715	174960	92.52	True
p-inr	6004520	171649	0.0	False
pt-gfreepi	645140	163298	0.0	False
p-alat	1024	161208	100.0	True
vb-ph	1531	159518	100.0	True
e-rdw	619260	158705	100.0	True
b-hba1c	6128	147505	100.0	True
fp-gluk	1468	147429	99.97	True
p-krea	1002143	145767	100.0	True
u-ph	21701	143491	0.0	False
u-leuk	2221	139384	99.76	True
u-eryt	1344	137185	99.44	True
u-lier	19006	136425	100.0	True
p-tt-inr	3004520	133612	100.0	True
u-levyep	20524	133277	100.0	True
u-pienep	20525	133093	100.0	True
pt-gfreepi	5589849	129232	100.0	True
p-krea	605262	121923	100.0	True
p-na	1003622	120981	100.0	True
p-k	1001999	120976	100.0	True
p-tsh	4831	119706	97.99	True
ph	595	118639	0.0	False
p-crp	4594	116644	100.0	True
p-krea	4600	114156	100.0	True
p-alat	1001026	111476	100.0	True
b-erybla	19978	109544	100.0	True
fp-gluk	3001468	109118	100.0	True
pt-gfreepi	13470	108305	96.59	True
pt-gfre	6354	108215	100.0	True
pt-gfreepi	6002	106731	0.0	False
e-rdw	19976	103098	100.0	True
cb-ph	1528	99671	100.0	True
p-inr	604913	90412	0.0	False
p-alat	3001024	86716	100.0	True
pt-gfreepi	6354	82046	100.0	True
fp-kol-ldl	4599	81995	100.0	True
fp-gluk	1001469	77927	100.0	True
p-tsh	1002832	76678	100.0	True
b-hkr	6001358	75405	100.0	True
b-hb	6001552	75081	100.0	True
b-eryt	6001341	75069	100.0	True
fb-leuk	6002218	75037	100.0	True
e-mch	6001558	75032	100.0	True
e-mcv	6001357	75026	100.0	True
p-alat	605242	75005	100.0	True
e-mchc	6001557	74961	100.0	True
b-tromb	6002791	74939	100.0	True
p-kol-ldl	6433	73834	100.0	True
p-t4-v	4832	71144	100.0	True
fp-kol	4515	65814	100.0	True
fp-kol-ldl	1002099	65634	100.0	True
e-rdw	20408	65406	100.0	True
fp-kol	1002095	64459	100.0	True
p-crp	1001216	63280	100.0	True
fp-trigly	1002770	61758	100.0	True
p-kol	6429	61539	100.0	True
b-hba1c	620426	60186	100.0	True
fp-kol-hdl	2002097	60152	100.0	True
hdl/kol	1000505	59638	100.0	True
p-kol-hdl	6431	59251	100.0	True
pt-gfre	645275	58891	100.0	True
p-crp	3005293	58707	100.0	True
p-trigly	4530	58273	100.0	True
u-ph	6001530	57665	0.0	False
non-hdl	10168	56603	0.0	False
fp-kol-ldl	3005319	55612	100.0	True
p-krea	2142	55491	100.0	True
p-crp	605241	55433	100.0	True
fp-kol	3004515	55271	100.0	True
fp-kol-hdl	3004516	55080	100.0	True
u-suhti	6002715	54926	0.0	False
fp-trigly	3004568	54792	100.0	True
fp-trigly	4568	54491	100.0	True
p-afos	4587	52626	100.0	True
p-krea	1604748	51450	100.0	True
b-erybla	649167	51200	100.0	True
e-rdw	649166	50665	100.0	True
p-tsh	606115	49589	100.0	True
b-la	2203	49373	100.0	True
fp-kol-hdl	4516	49231	100.0	True
p-tt-inr	601976	48880	0.0	False
s-ph	11554	48701	0.0	False
p-k	6001999	48059	100.0	True
p-na	6003622	48019	100.0	True
b-hba1c	607918	47333	100.0	True
b-neut	3003238	46036	100.0	True
fp-kol-ldl	605259	45772	100.0	True
b-la	3002203	45470	100.0	True
kol/hdlsuh	10067	44001	0.0	False
p-t4-v	606116	43479	100.0	True
b-la	1002203	42660	100.0	True
p-inr	1607047	41919	0.0	False
p-t4-v	1002836	41305	100.0	True
pt-gfreepi	21218	40596	100.0	True
-h-ind	20536	39809	0.0	False
p-afos	1001046	39414	100.0	True
u-ph-o	3667	39137	0.0	False
p-tromboplastiiniaika,inr-tulostus	4520	38382	100.0	True
p-krea	3002142	37240	100.0	True
e-mchc	1557	36967	100.0	True
p-gt	4597	36019	100.0	True
s-ph	50100	34663	0.0	False
p-alat	1605001	34228	100.0	True
p-tsh	649821	32953	100.0	True
p-ferrit	4826	30887	100.0	True
u-suhti-o	0715	30337	0.0	False
p-afos	605244	30073	100.0	True
b-eos	3001330	29841	100.0	True
pt-gfreepi	11326	29761	100.0	True
u-krea	2145	29249	98.94	True
u-keto-o	3001122	29010	100.0	True
p-afos	3005282	28039	100.0	True
u-gluk-o	3001479	27975	100.0	True
kolesteroli/hdl-suhde	10067	27781	0.0	False
hdl/kol	505	27161	100.0	True
u-alb-o	3001030	26863	100.0	True
u-ph	13039	26642	0.0	False
fp-kol	605256	26455	100.0	True
fp-kol-hdl	605257	26256	100.0	True
p-gt	1001489	26228	100.0	True
fp-trigly	605258	26182	100.0	True
ab-be	10083	25881	100.0	True
u-nitr-o	3003094	25800	100.0	True
p-psa	4869	25083	100.0	True
u-ph.	21701	23871	0.0	False
u-suhti.	21702	23384	0.0	False
fp-gluk	6001468	23324	100.0	True
u-eryt-o	3001345	23075	100.0	True
b-trom	2629414	23064	100.0	True
b-ly	3003223	23009	100.0	True
b-monos	3003230	23009	100.0	True
b-baso	3003157	23009	100.0	True
l-eos(a)	3001332	23006	100.0	True
l-lymf(a)	3009235	23006	100.0	True
l-mono(a)	3000399	23006	100.0	True
l-neut(a)	3000398	23006	100.0	True
l-baso(a)	3001168	23006	100.0	True
kol/hdlsuh	10037	22867	0.0	False
fp-kol-ldl	1605024	22609	100.0	True
b-retik	2581	22598	100.0	True
b-hba1c	650105	22516	100.0	True
p-happamuusaste(ionis.ca)	595	22410	0.0	False
fp-kol	1605022	22188	100.0	True
p-alb	4586	22154	100.0	True
fs-ph	50100	22040	0.0	False
ph	1000595	21958	0.0	False
u-nitr-o	3094	21869	100.0	True
fs-folaat	1416	21758	100.0	True
u-albkre	4511	21642	100.0	True
u-ph	3667	21609	0.0	False
s-b12-tc2	1142	21574	100.0	True
pt-gfre	656400	21550	0.0	False
u-krea	3002145	21319	93.49	True
u-gluk-o	1479	21143	100.0	True
u-ph	3001530	21058	0.0	False
fp-kol-hdl	1605023	20836	100.0	True
pt-gfreepi	0232	20834	100.0	True
p-tsh	1605042	20670	100.0	True
vb-be	9074	20573	100.0	True
fp-trigly	1605041	20454	100.0	True
p-gluk	1471	20310	100.0	True
u-leuk-o	3002223	20119	100.0	True
b-leuk	1629408	19981	0.0	False
b-eryt	1629409	19962	0.0	False
e-rdw	1631804	19908	0.0	False
b-trom	1629414	19870	0.0	False
u-keto-o	1122	19716	95.16	True
ca-ion	1000597	19146	0.0	False
ca++/7.40	1000596	19140	0.0	False
p-crp	1605013	19124	100.0	True
p-t4v	1605037	18942	100.0	True
p-psa	2003642	18865	100.0	True
p-t4-v	649822	18774	100.0	True
b-neut	1003238	18307	100.0	True
u-leuk-o	2223	18164	100.0	True
ph	9018	17842	0.0	False
s-k/l-s-v	20113	17806	100.0	True
b-leuk	3629408	17552	100.0	True
u-suhteellinentiheys	2715	17548	100.0	True
b-eryt	3629409	17499	100.0	True
p-inr	607047	17490	0.0	False
p-gt	3005292	17319	100.0	True
p-krea	645274	17118	100.0	True
u-eryt-o	1345	17072	100.0	True
s-apob/apoa1-suhde	0623	16804	0.0	False
p-probnp	4760	16554	100.0	True
u-krea	10458	16442	100.0	True
p-krea	605305	15848	100.0	True
u-alb	3001029	15705	100.0	True
ab-be	50030	15686	99.94	True
u-suhti	21702	15672	0.0	False
e-rdw	3635986	15504	0.0	False
u-krea	1010458	15417	0.0	False
p-inr	600493	15107	0.0	False
-l-ind	20537	15069	0.0	False
s-tsh	3002832	14964	100.0	True
p-k	101999	14906	100.0	True
b-eryt	2629409	14818	100.0	True
p-na	103622	14701	100.0	True
p-tfr	4720	14678	100.0	True
p-inr-hy	7355261	14671	0.0	False
u-alb-o	1030	14540	100.0	True
p-gt	605248	14228	100.0	True
p-bil	4592	13960	100.0	True
s-ph	3008523	13864	0.0	False
e-mch	2629412	13628	100.0	True
e-mchc	2629413	13626	100.0	True
p-krea	604429	13625	100.0	True
e-mcv	2629411	13624	100.0	True
p-psa	606117	13586	100.0	True
b-be	105	13570	100.0	True
b-ghb-a1c	1001560	13570	100.0	True
e-rdw	606834	13559	0.0	False
p-krea	2605305	13533	100.0	True
u-suhtih	0352	13353	0.0	False
u-alb	1029	13089	100.0	True
b-ghb-a1c	3001560	12943	100.0	True
b-hba1c	620261	12911	100.0	True
b-neut	6003238	12889	100.0	True
p-d-25	1001220	12837	0.0	False
u-suhti-o	600748	12537	0.0	False
u-ph	600817	12513	0.0	False
s-b12-vit	3001137	12395	100.0	True
cb-be	151	12224	100.0	True
fe-folaat	1001414	12140	100.0	True
p-inr	2607047	11963	0.0	False
p-ferrit	606675	11905	0.0	False
b-la	6002203	11845	100.0	True
p-probnp	611261	11741	0.0	False
u-suhti	0730	11634	0.0	False
s-b12-tc2	616408	11610	0.0	False
hdl/kol.	14578	11548	100.0	True
p-alb	605243	11507	100.0	True
oma-gluk	256	11472	0.0	False
b-lymfos	3223	11425	95.72	True
ntkmom	20758	11282	0.0	False
pappakmom	20757	11279	0.0	False
l-lymfos	191	11276	100.0	True
l-lymf(a)	9235	11241	100.0	True
b-eos	1001330	11218	100.0	True
hcgbvkmom	20756	11204	0.0	False
p-k	2101999	11202	100.0	True
l-eosin	598	11163	100.0	True
l-monos	197	11118	100.0	True
baso	1000599	11034	100.0	True
baso	1003157	11033	100.0	True
b-eosin	1330	11027	100.0	True
eos	1000598	11022	100.0	True
b-basof	3157	11017	100.0	True
lymf	1003223	11005	100.0	True
lymf	1000191	11002	100.0	True
mono	1000197	10995	100.0	True
mono	1003230	10979	100.0	True
b-neutr	3238	10973	97.48	True
neut	1000612	10966	100.0	True
p-bil	1001185	10881	100.0	True
p-uraat	4533	10864	98.62	True
b-erblast	602870	10860	100.0	True
b-hb-a1c	1605248	10849	100.0	True
l-basof	599	10834	100.0	True
l-neutr	612	10825	100.0	True
vb-ph	8270	10807	0.0	False
b-hba1c	7037277	10779	100.0	True
b-erytrosyytit,tilavuusosuus	1358	10629	77.48	True
fs-trfesat	10100	10586	100.0	True
p-ca	605254	10486	100.0	True
p-psa-v	4900	10483	100.0	True
l-mono(a)	399	10383	100.0	True
p-inr	104520	10380	0.0	False
p-psa	615989	10243	100.0	True
p-ca-albk	613776	10182	100.0	True
u-ph-huu	8869	10033	0.0	False
l-eos(a)	1332	10031	100.0	True
u-ominp-h	20567	10003	0.0	False
s-ca(akt)	3005097	9965	100.0	True
s-ca(7.4)	3005099	9951	100.0	True
p-afos	1605000	9948	100.0	True
p-antifxa	3828	9909	55.18	True
s-d-25	1220	9900	100.0	True
s-ph(akt)	3005098	9886	100.0	True
-i-ind	20538	9849	0.0	False
p-ferrit	1001395	9800	100.0	True
p-ca	4598	9683	100.0	True
u-albkre	2010455	9660	100.0	True
p-na	2103622	9653	100.0	True
u-alb	1010457	9615	0.0	False
pt-gfreepi	2917425	9579	0.0	False
l-neut(a)	398	9540	100.0	True
cp-gluk-hy	0589	9537	100.0	True
p-gluk	3001471	9483	100.0	True
p-tromboplastiiniaika,inr,tt	4520	9455	0.0	False
oma-crp	462	9415	100.0	True
p-inr	601850	9385	0.0	False
non-hdl	10138	9376	0.0	False
u-alb	10457	9359	100.0	True
p-bil	3005299	9162	100.0	True
u-prot-o	2529	9022	0.0	False
b-hba1c	7036281	8950	100.0	True
u-ph	0375	8890	0.0	False
l-baso(a)	1168	8791	100.0	True
p-alat	604418	8789	100.0	True
pt-gfreepi	1662604	8649	0.0	False
u-suhtih	0373	8539	0.0	False
p-tfr	1001949	8538	100.0	True
l-lymf	46	8470	100.0	True
cb-be	10191	8455	100.0	True
l-eos	690	8445	100.0	True
b-neutr	1003238	8441	0.0	False
b-basof	1003157	8427	0.0	False
b-neut	689	8421	100.0	True
b-eosin	1001330	8409	0.0	False
b-lymfos	1003223	8392	0.0	False
b-monos	1003230	8357	0.0	False
p-tnt	4532	8290	99.98	True
l-basof	1000599	8256	0.0	False
b-hkr	0639	8250	0.0	False
l-eosin	1000598	8245	0.0	False
l-lymfos	1000191	8204	0.0	False
l-monos	1000197	8170	0.0	False
l-neutr	1000612	8132	0.0	False
p-tromboplastiiniaika,inr-tulos	4520	8123	100.0	True
fp-gluk	2101468	8115	100.0	True
p-tsh	604895	8112	100.0	True
b-lymf	43	8077	100.0	True
p-psa-v	1004254	8055	100.0	True
s-t4-v	3002836	8052	100.0	True
fp-kol-ldl	604453	8045	100.0	True
ca++/7.40	596	8031	100.0	True
p-asat	4591	7931	100.0	True
p-amyl	4589	7910	100.0	True
fs-ph	0683	7870	0.0	False
oma-crp	5567927	7821	0.0	False
fp-transf	4567	7798	100.0	True
s-b12-vit	1137	7786	100.0	True
b-monos	42	7780	100.0	True
psa-v/psa	1010792	7743	0.0	False
b-eos	39	7740	100.0	True
fp-kol	604452	7719	100.0	True
l-monos	693	7709	100.0	True
l-baso	692	7698	100.0	True
fp-trigly	604454	7693	100.0	True
fp-kol-hdl	604451	7692	100.0	True
u-albkre	605850	7676	0.0	False
fp-kol-ldl	2605269	7672	100.0	True
ca-ion	597	7662	100.0	True
b-pvk+t	2474	7644	0.0	False
p-tnt	607465	7620	100.0	True
b-baso	40	7617	100.0	True
fs-ca++/7.40	596	7616	0.0	False
fs-ca-ion	597	7610	100.0	True
l-neut	688	7435	100.0	True
inr-vieri	603043	7407	0.0	False
p-psa-v	631060	7364	100.0	True
s-tsh	2832	7316	71.35	True
p-inr	606000	7295	0.0	False
b-neut	1103238	7241	100.0	True
crp	0113	7205	0.0	False
s-iglck-v	4966	7204	100.0	True
p-d-25	6401	7190	100.0	True
b-neut	2103238	7172	0.0	False
pt-gfreepi	4605	7034	0.0	False
b-trom	3629414	7028	100.0	True
s-ttgaba	1885	7011	91.32	True
s-iglcl-v	4950	7000	100.0	True
crp,tk	602087	6993	0.0	False
raskauksienmäärä,g	Ras001	6870	0.0	False
b-erytroblastit	50610	6765	100.0	True
l-neut(a)	3629125	6740	0.0	False
l-lymf(a)	3629126	6737	0.0	False
l-mono(a)	3629127	6736	0.0	False
p-ferrit	617876	6735	100.0	True
l-eos(a)	3629128	6734	0.0	False
l-baso(a)	3629129	6728	0.0	False
p-uraat	1002884	6716	100.0	True
b-monos	2103230	6701	0.0	False
b-baso	2103157	6667	0.0	False
s-b12-tc2	617336	6642	100.0	True
p-alb	3005318	6638	100.0	True
cb-be	5400	6637	100.0	True
l-neut(a)	2629125	6627	0.0	False
p-gluk,tk	602079	6621	0.0	False
l-lymf(a)	2629126	6620	0.0	False
p-tnt	615402	6615	0.0	False
l-mono(a)	2629127	6615	0.0	False
l-eos(a)	2629128	6606	0.0	False
l-baso(a)	2629129	6602	0.0	False
b-monos	1103230	6564	0.0	False
fp-gluk	101468	6555	100.0	True
p-tt-inr	3576	6546	0.0	False
b-baso	1103157	6522	0.0	False
p-afos	1605265	6512	0.0	False
vb-be	5386	6466	100.0	True
p-alb	1001028	6456	100.0	True
pt-gfreepi	3653122	6405	0.0	False
p-d-25	1220	6393	100.0	True
s-k/l-s-v	9319	6363	100.0	True
s-ca-ion	9010	6361	100.0	True
p-bil	605249	6352	100.0	True
p-amyl	1001078	6319	100.0	True
snabb-inr	0743	6267	0.0	False
p-crp	604422	6213	100.0	True
p-mg	4601	6178	100.0	True
u-ph	100325	6168	0.0	False
b-hba1c	606590	6161	100.0	True
b-hb-a1c	604449	6157	100.0	True
fp-kol-ldl	605269	6150	0.0	False
s-ca(7.4)	5099	6137	100.0	True
fe-folaat	4001414	6129	100.0	True
cb-pco2	1622	6119	100.0	True
p-psa	1605032	6073	100.0	True
p-afos	2605265	6055	0.0	False
p-amyl	3005208	6052	100.0	True
non-hdl(paasto)	10138	6004	0.0	False
kolesteroli/hdl-suhde	10037	6002	0.0	False
s-ph(akt)	5098	5988	100.0	True
s-ca-ion	597	5881	0.0	False
p-tsh	1663381	5873	0.0	False
synnytystenmäärä,p	Ras002	5868	0.0	False
s-ca++/7.40	596	5861	0.0	False
p-inr	4004520	5803	0.0	False
u-suhtih	100323	5732	0.0	False
fp-fe	4529	5720	100.0	True
p-d-25	632020	5675	100.0	True
pt-gfreepi	622040	5635	0.0	False
oma-p-crp	7037327	5623	100.0	True
b-leukosyytit	2218	5619	100.0	True
cb-tt-inrp	602165	5576	0.0	False
p-inr-hy	50285	5557	0.0	False
b-ly	1605097	5514	100.0	True
p-inr-vt	10757	5501	100.0	True
p-tsh	3657914	5475	0.0	False
fe-folaat	3014140	5457	100.0	True
p-uraat	605270	5451	100.0	True
p-inr	602670	5440	0.0	False
u-ph-o	13039	5438	0.0	False
b-ghb-a1c	1560	5330	100.0	True
s-ph	45093	5321	0.0	False
u-happamuusaste	1530	5304	0.0	False
p-tfr	605894	5294	0.0	False
fp-kol-hdl	2605268	5285	100.0	True
fp-kol-hdl	605268	5275	0.0	False
fp-trigly	2605285	5259	100.0	True
vb-be	50032	5232	100.0	True
14272	14272	5212	0.0	False
fp-trigly	605285	5194	0.0	False
b-erblast	3629130	5193	0.0	False
u-osmoest	606697	5188	87.05	True
nu-albkrea	618158	5154	100.0	True
p-uraat	3004533	5133	100.0	True
b-erblast	2629130	5130	0.0	False
p-tfr	617378	5088	100.0	True
p-tt-inr	1605218	5071	0.0	False
s-ttgaba	3001885	5066	100.0	True
vp-ph	1531	5059	0.0	False
p-asat	605247	5051	100.0	True
s-ca-iona	8524	5048	100.0	True
b-hba1c,tk	606670	5039	0.0	False
cb-hco3-st	154	5012	100.0	True
p-fidd	4113	5011	100.0	True
p-crp	605304	5001	100.0	True
s-fsh	1422	4996	51.01	True
-trfesat	4606	4851	100.0	True
p-tsh	622558	4847	0.0	False
p-psa-suh	4868	4811	99.68	True
s-ca-iona	3008524	4794	100.0	True
s-ca-ion	4009010	4788	100.0	True
s-ca-ion	2019	4747	100.0	True
e-retik	2582	4736	100.0	True
u-osmole	626820	4685	100.0	True
b-hba1c,t	606670	4683	0.0	False
u-ph	0067	4678	0.0	False
b-ghb-a1c	600221	4645	0.0	False
u-lier	2630671	4632	0.0	False
fp-pi	1431	4623	100.0	True
psa-v/psa	10792	4619	100.0	True
u-eryt	1101344	4619	0.0	False
u-leuk	1102221	4598	100.0	True
p-urea	4534	4590	100.0	True
mononukleaariset	Mon1223	4588	0.0	False
neutrofiilit	Neu1222	4535	0.0	False
s-cdt	4101	4511	100.0	True
b-erybla	644813	4508	100.0	True
pt-gfreepi	621337	4507	100.0	True
p-t4-v	604894	4480	100.0	True
p-gt	604424	4455	100.0	True
b-hba1c	3636046	4443	0.0	False
e-rdw	644812	4417	100.0	True
p-crp-o	7035803	4405	100.0	True
zb-ph	1532	4383	0.0	False
p-b12-vit	1001137	4382	100.0	True
p-psa-suh	606119	4330	100.0	True
p-psa-v	606118	4329	100.0	True
u-ominaispaino	18811	4321	0.0	False
b-hba1c	607475	4297	100.0	True
p-tt	3001731	4288	100.0	True
p-ph	50099	4275	0.0	False
s-ccpab	4744	4273	82.87	True
cb-inrc-c	0113	4271	0.0	False
b-eos	6001330	4262	100.0	True
u-ph	0325	4255	0.0	False
pappakmom	620902	4251	0.0	False
ntkmom	620900	4251	0.0	False
hcgbvkmom	620904	4251	0.0	False
u-suhtih	0323	4246	0.0	False
p-pi	4595	4227	100.0	True
ab-be	9224	4217	100.0	True
p-t4-v	1663382	4194	0.0	False
vb-be	9220	4185	100.0	True
pt-gfre	643362	4171	100.0	True
fp-ca	1002013	4162	100.0	True
inr-pika	868	4158	0.0	False
b-ghb-a1c,tk	600221	4155	0.0	False
f-calpro	4803	4155	100.0	True
u-gluk-0	1479	4154	0.0	False
pituus(cm)	Pit484	4130	0.0	False
p-psa-suh	1605034	4125	100.0	True
cb-tt-inrpika	602165	4095	0.0	False
b-monos	1605103	4068	100.0	True
b-baso	1605100	4068	100.0	True
pt-gfreepi	3960575	4060	0.0	False
s-k/l-s-v	11927	4016	0.0	False
p-asat	3005281	4016	100.0	True
pt-gfreepi	622237	4011	0.0	False
pt-gfreepi	635156	3935	0.0	False
b-ghba1cp	0591	3927	100.0	True
b-erybla	7716	3907	0.0	False
p-ca-albk	8293	3905	100.0	True
cd4/cd8	10825	3896	0.0	False
p-ck	4517	3884	100.0	True
p-bil	1605005	3880	100.0	True
p-rf	8849	3828	100.0	True
fp-pth	4560	3819	79.63	True
e-retik	3002582	3806	100.0	True
p-iga	5577788	3796	0.0	False
ph	1530	3794	0.0	False
fs-kol	2095	3794	100.0	True
fs-kol-ldl	2099	3772	100.0	True
u-ph	0105	3763	0.0	False
u-leuk	3002221	3757	100.0	True
cp-glukoosi,ihopistosn,vieritestihoitoyksikössä	0589	3716	0.0	False
p-probnp	603605	3695	0.0	False
u-osmest	3000292	3639	100.0	True
p-ck	1002134	3634	100.0	True
b-neut	14272	3631	100.0	True
b-hba1c	1632264	3626	0.0	False
b-erytroblastit	19978	3614	100.0	True
eosinofiil.	Eos1224	3566	0.0	False
vb-be	8273	3561	100.0	True
u-bact	21015	3529	0.0	False
p-tsh	630117	3525	0.0	False
pt-gfreepi	4076549	3515	0.0	False
u-albkre	9522	3486	100.0	True
p-ck	3004517	3477	100.0	True
pt-gfre	1672520	3457	0.0	False
fp-urea	4573	3447	100.0	True
u-ph	0614	3445	0.0	False
ab-ph(t)	11128	3425	0.0	False
oma-p-crp	57377	3405	0.0	False
u-suhtih	0612	3401	0.0	False
u-kemseul,ph	103268_4	3399	0.0	False
p-k	1002001	3397	100.0	True
u-kemseul,ph	609625_3	3392	0.0	False
pt-fib-4	21799	3385	0.0	False
p-na	1002382	3378	100.0	True
p-afos	605265	3378	0.0	False
u-krea	6002145	3355	100.0	True
p-probnp	1604551	3326	100.0	True
p-amyl	1605003	3308	100.0	True
p-inr	605212	3296	0.0	False
oma-gluk	57048	3291	0.0	False
u-krea	1606670	3286	0.0	False
u-krea	0510	3281	100.0	True
u-epit	2630670	3275	0.0	False
ab-ph	3001527	3269	0.0	False
p-gluk-vt	10756	3258	100.0	True
pt-glomerulussuodosnopeus,estimoitu,ckd-epi-kaava	11326	3256	100.0	True
p-bil-kj	605250	3253	100.0	True
sy-leuk	3080	3253	99.73	True
p-tnt	1605039	3186	100.0	True
fp-krea	603104	3173	0.0	False
u-epit	615359	3164	100.0	True
u-lier	615358	3161	100.0	True
p-gt	1605018	3159	100.0	True
p-t4-v	622559	3156	0.0	False
b-neut	103238	3150	99.97	True
p-iga	4827	3149	100.0	True
u-leuk	615357	3136	100.0	True
oma-gluk	4601160	3124	0.0	False
u-eryt	615356	3120	100.0	True
u-ph-o	103667	3097	0.0	False
u-lier	3630671	3096	0.0	False
u-eryt	2101344	3083	0.0	False
p-ck	1605010	3082	100.0	True
cb-ph	1001528	3067	0.0	False
p-tnt	603603	3065	0.0	False
u-leuk	2102221	3059	0.0	False
p-ck-mbm	1004236	3054	100.0	True
li-leuk	2219	3052	100.0	True
b-ly	1103223	3048	100.0	True
li-eryt	1342	3048	100.0	True
u-kemseul,omin.p	103268_2	3045	0.0	False
p-ph	8522	3036	0.0	False
fs-trigly	2770	3024	100.0	True
p-amylp	605246	3021	100.0	True
vb-be	10085	3014	100.0	True
b-neut	5597073	3007	0.0	False
fs-kol-hdl	2097	3005	100.0	True
fp-pth	1002457	2996	100.0	True
p-psa-suh	631061	2982	100.0	True
fb-leuk	2218	2978	100.0	True
s-k/l-s-v	50207	2977	0.0	False
u-epit	607576	2974	0.0	False
p-t4-v	630118	2973	0.0	False
u-eryt	607597	2964	0.0	False
b-ph	1531	2963	0.0	False
p-alb	1605002	2961	100.0	True
s-testo	2735	2947	99.97	True
p-inr-pika	606328	2945	0.0	False
b-hba1c	623599	2943	0.0	False
u-lier	607577	2943	0.0	False
u-eryt	11344	2934	100.0	True
crp(päiv.hoitaja)	akiea0002	2927	100.0	True
p-uraat	1605043	2924	100.0	True
pt-gfre	10055629	2920	100.0	True
fs-ca-ion	1000597	2886	0.0	False
fs-ca++/7.40	1000596	2879	0.0	False
p-crp-vt	10759	2870	100.0	True
b-hkr	4001358	2868	100.0	True
u-suhtih	2715	2861	0.0	False
cb-pco2	1001622	2859	100.0	True
u-epit	980	2847	100.0	True
cb-be	1000151	2836	100.0	True
p-inr-pi	606328	2836	0.0	False
s-li	3002260	2834	100.0	True
e-retik	1002582	2828	100.0	True
b-eryt	4001341	2825	100.0	True
e-mcv	4001357	2825	100.0	True
b-hb	4001552	2825	100.0	True
b-leuk	4002218	2825	100.0	True
e-rdw	615255	2825	100.0	True
e-mch	4001558	2825	100.0	True
e-mchc	4001557	2824	100.0	True
b-trom	4002791	2821	100.0	True
u-lier	981	2816	100.0	True
cb-hco3-st	1000154	2814	100.0	True
cb-crp	101217	2782	0.0	False
s-tshrab	4965	2775	84.77	True
f-calpro	613422	2753	0.0	False
p-mg	605264	2747	100.0	True
fs-folaat	1001416	2731	100.0	True
u-suhti-o	715	2722	0.0	False
b-hba1c	606591	2696	100.0	True
fp-gluk	603107	2696	100.0	True
p-ck-mbm	1605011	2673	100.0	True
erytroblastit	8518	2654	100.0	True
p-krea	1605262	2652	100.0	True
pt-kt/v1	15024	2648	0.0	False
fp-krea	2142	2634	100.0	True
s-ph	1606713	2634	0.0	False
p-t3-v	1002775	2622	0.0	False
p-ck	605261	2609	100.0	True
s-apob/a1	02249	2604	0.0	False
u-albkre	604448	2599	100.0	True
b-baso	103157	2598	100.0	True
p-uraat	1605306	2597	0.0	False
p-cmvnh	4777	2592	82.64	True
pt-gfre	10066523	2588	100.0	True
fp-kol-ind	633151	2587	0.0	False
s-klotsa	609927	2569	100.0	True
s-ph	2606713	2552	0.0	False
b-monos	103230	2542	100.0	True
s-norklot	609913	2537	100.0	True
l-neut(a)	1629125	2534	0.0	False
l-lymf(a)	1629126	2531	0.0	False
l-eos(a)	1629128	2529	0.0	False
l-mono(a)	1629127	2529	0.0	False
l-baso(a)	1629129	2527	0.0	False
u-veri-o	2947	2498	0.0	False
u-krea	2606670	2492	0.0	False
lieriöt	40527	2485	100.0	True
fp-kol-ind	6518	2479	0.0	False
pt-gfre	2928608	2478	0.0	False
s-ph	7368425	2475	0.0	False
ab-emäsylimäärä	10083	2472	100.0	True
b-la	102203	2468	100.0	True
p-k	4001999	2440	100.0	True
u-ph-hy	0368	2439	0.0	False
seeruminhappamuusaste	8523	2429	0.0	False
fp-ca	4514	2426	100.0	True
p-gluk	6001471	2422	100.0	True
p-bnp	4709	2420	99.98	True
b-la	2102203	2414	100.0	True
fp-pi	1001432	2410	100.0	True
b-crp-vt	6592	2408	100.0	True
vb-pco2	1623	2408	100.0	True
li-igg-ind	3450	2406	100.0	True
p-afos	604419	2405	100.0	True
vb-po2	1537	2405	100.0	True
p-d-25	607216	2394	0.0	False
p-na	4003622	2385	100.0	True
l-eos	1332	2379	100.0	True
s-igg4	4228	2367	100.0	True
b-hba1c	604640	2366	100.0	True
ly-cd4/cd8	9270	2357	0.0	False
zb-be	11453	2350	0.0	False
b-inr-pik	8120	2340	100.0	True
u-albkrea	4511	2339	100.0	True
s-psa	3642	2336	100.0	True
pt-gfre	626572	2320	100.0	True
p-ca-iona	3000335	2305	100.0	True
s-k/l-s-v	10747	2302	0.0	False
p-pi	605252	2296	100.0	True
p-ca	7368221	2282	100.0	True
b-eos	632777	2278	0.0	False
b-baso	632778	2278	0.0	False
b-ly	632780	2278	0.0	False
l-baso	632773	2278	0.0	False
b-neut	632776	2278	0.0	False
l-neut	632771	2278	0.0	False
l-eos	632772	2278	0.0	False
b-mono	632779	2278	0.0	False
l-ly	632775	2278	0.0	False
l-mono	632774	2278	0.0	False
p-ca-ion.	3013900	2258	100.0	True
s-valpr	3003681	2253	100.0	True
p-t4-v	3657915	2253	0.0	False
s-prl	3002507	2247	100.0	True
ab-pco2	3001621	2242	100.0	True
ab-be	3009224	2242	100.0	True
ab-hco3-st	3009314	2242	100.0	True
p-b12-vit	608792	2241	100.0	True
ab-po2	3001535	2237	100.0	True
p-igg	4828	2235	100.0	True
p-alat	1605242	2229	100.0	True
f-calpro	606035	2216	0.0	False
s-mkomp-1	9982	2215	100.0	True
e-rdw	2644100	2199	100.0	True
fp-kol-ldl	2629664	2194	0.0	False
vp-happamuusaste	1531	2193	0.0	False
crp-pika	9011	2188	100.0	True
vb-ph	3001531	2182	0.0	False
oma-inr	617344	2181	0.0	False
u-osmole	2900806	2178	100.0	True
fp-kol-hdl	1002097	2171	100.0	True
hdl/kol	602250	2171	100.0	True
pt-gfre	3663121	2170	0.0	False
p-tsh	2917625	2158	100.0	True
p-probnp	609847	2150	100.0	True
b-hba1cvt	11246	2149	82.01	True
p-alat	101024	2137	100.0	True
p-krea	628929	2137	100.0	True
pt-gfre	628930	2130	100.0	True
f-calpro	616027	2127	100.0	True
p-gluk	1001473	2123	0.0	False
u-lieriö	9244	2104	100.0	True
p-tsh	613256	2093	100.0	True
pt-gfreepi	626168	2078	100.0	True
u-lieriöt	40527	2067	100.0	True
p-tnt	602562	2054	100.0	True
pf-leuk	2220	2053	99.08	True
u-osmest	292	2048	100.0	True
p-inr-vt	621377	2039	0.0	False
p-ca-iona	335	2036	100.0	True
fp-gluk	4001468	2033	100.0	True
p-fidd	621300	2032	100.0	True
s-mypnabm	4151	2032	0.0	False
b-erblast	1629130	2028	0.0	False
pf-eryt	1343	2022	99.97	True
u-alb	6001029	2008	100.0	True
p-kysc	4507	1998	100.0	True
s-ca(akt)	5097	1998	100.0	True
p-psa	604836	1997	100.0	True
s-cdt	3004101	1997	100.0	True
vb-happamuusaste	1531	1984	0.0	False
s-trigly	6427	1983	100.0	True
p-tsh	2664021	1983	0.0	False
u-epit	3630670	1982	0.0	False
s-kol-hdl	6430	1972	100.0	True
p-tsh	603956	1972	100.0	True
p-crp-o	613895	1963	100.0	True
s-k	2001	1963	100.0	True
s-hcgbv/d	620903	1962	100.0	True
s-pappa	620901	1961	100.0	True
l-mono	0905	1954	100.0	True
pika-inr	607101	1953	0.0	False
u-ph	akiosa0004	1943	0.0	False
l-eos	0902	1930	100.0	True
p-ca-ion.	13900	1918	100.0	True
u-alb	0129	1917	100.0	True
s-d-25	649206	1915	0.0	False
p-t3-v	6362	1914	100.0	True
pt-gfreepi	645275	1913	0.0	False
p-t4-v	613257	1907	100.0	True
s-igg1	4225	1897	100.0	True
s-prot	2516	1897	100.0	True
s-igg2	4226	1893	100.0	True
p-crp	7010044	1892	100.0	True
crp,tk	70001	1890	0.0	False
p-alat	7010034	1888	100.0	True
p-inr	603120	1885	0.0	False
s-dnanab.	12610	1881	100.0	True
b-tacro	4360	1877	100.0	True
s-cdt	617036	1876	100.0	True
vb-emäsylimäärä	50032	1871	100.0	True
s-b12-tc2	1101142	1870	100.0	True
u-epit	10096	1855	100.0	True
s-igg3	4227	1853	100.0	True
s-iga	3001666	1832	100.0	True
e-rdw	3631804	1829	0.0	False
u-ph-huu	606264	1823	0.0	False
s-testo	3002735	1823	100.0	True
fp-kol-ldl	1605259	1823	100.0	True
l-neutr	0901	1798	100.0	True
s-pr3ab	4160	1796	76.4	True
s-kol-ldl	6432	1796	100.0	True
nu-albkrea	23572	1796	100.0	True
pappakmom	5568787	1793	0.0	False
ntkmom	5568790	1792	0.0	False
p-tt-inr	3575	1792	0.0	False
hcgbvkmom	5568788	1792	0.0	False
u-osmol	2444	1792	100.0	True
l-lymf	0907	1790	100.0	True
s-testo	1002735	1790	100.0	True
b-hba1c	603372	1782	100.0	True
u-ominp-h	618136	1775	0.0	False
s-rf	3003550	1770	100.0	True
p-t4-v	603957	1753	100.0	True
p-ld	1002194	1741	100.0	True
cp-gluk-po	8716	1736	0.0	False
-nt	617897	1730	100.0	True
s-crp-o	1217	1730	100.0	True
fp-fe	3005323	1727	100.0	True
p-t4-v	2664022	1726	0.0	False
p-cea	6363	1719	100.0	True
cp-gluk	0350	1718	100.0	True
sao2	600605	1715	0.0	False
p-inr-pik	603692	1713	0.0	False
e-erytrosyytit,kokojakauma	11086	1709	100.0	True
vb-ph	0531	1708	0.0	False
u-ph-0	3367	1707	0.0	False
pt-glomerulussuodosnopeus,estimoitu,ckd-epi-kaava	13470	1706	100.0	True
p-uraat	2605306	1704	0.0	False
l-baso	1168	1702	99.99	True
p-fidd	1004113	1700	100.0	True
cb-phpika	14234	1696	0.0	False
fp-laktaat	3002184	1693	100.0	True
p-d-25	2101220	1682	0.0	False
crp-pika	602611	1680	0.0	False
s-immunoglobuliini,kevyetketjut,vapaat,kappa-lambda-suhde	11927	1672	0.0	False
fp-transf	3004567	1666	100.0	True
l-lymf	9235	1666	100.0	True
u-tutk-1-oma,ph	1605222_4	1647	0.0	False
b-inr-pik	1630673	1646	0.0	False
pt-ekg-12	6001270	1646	0.0	False
fp-kol	7010048	1643	100.0	True
u-osmole	20479	1642	100.0	True
b-be	0105	1641	100.0	True
u-tutk-1-,ph	1605222_4	1640	0.0	False
p-amylp	4590	1639	100.0	True
fp-kol-ldl	7010050	1638	100.0	True
u-suhtih	0715	1630	100.0	True
s-enaab	3022	1628	100.0	True
p-inr	601708	1624	0.0	False
fp-kol	1605256	1618	100.0	True
p-crp-o	1217	1613	100.0	True
pt-gfreepi	2663222	1612	0.0	False
l-eos	604160	1608	100.0	True
b-monos	604163	1608	100.0	True
l-ly	607191	1608	100.0	True
b-baso	604164	1608	100.0	True
b-neut	607193	1608	100.0	True
l-monos	607192	1608	100.0	True
b-ly	604162	1608	100.0	True
b-eos	607194	1608	100.0	True
l-baso	604161	1607	100.0	True
l-neut	607190	1607	100.0	True
s-ca-ion	622231	1606	100.0	True
cb-be	4923	1595	100.0	True
fp-fe	1002566	1595	100.0	True
s-digoks	1256	1584	96.73	True
p-psa	2628984	1582	100.0	True
fe-folaat	1414	1571	100.0	True
b-retik	3025810	1562	100.0	True
p-glukpoc	9439	1562	100.0	True
p-psa	1628984	1561	0.0	False
s-pappa	4549	1550	100.0	True
p-ld	3004526	1550	100.0	True
s-mypnabg	4150	1535	99.91	True
p-luakptt	4426	1534	100.0	True
u-albkre	603497	1526	100.0	True
p-psa	3628984	1516	100.0	True
b-hba1c	616356	1512	100.0	True
u-kemseul,u-ph	101881_5	1507	0.0	False
b-inrpika	94520	1503	100.0	True
p-crp	1605304	1496	100.0	True
fp-ca	3004514	1494	100.0	True
s-cdt	1004101	1489	0.0	False
b-crp-o	9343	1485	0.0	False
s-hcgbv/d	20754	1479	100.0	True
pt-gfreepi	41320	1474	0.0	False
p-ferrit	2630464	1473	100.0	True
fp-transf	1002756	1471	100.0	True
l-mon	399	1466	100.0	True
u-epipien	50203	1465	100.0	True
paastoseeruminph	50100	1457	0.0	False
u-suhti	617971	1456	0.0	False
b-hba1c,tk	70003	1453	0.0	False
-nt	20248	1448	100.0	True
s-tsh	102832	1446	96.13	True
b-hba1c	10017548	1444	100.0	True
u-leuk-bv	637391	1442	100.0	True
hba1c-pika	870	1437	0.0	False
s-prot	1002516	1436	100.0	True
p-fidd	3004113	1425	100.0	True
s-prealb	1002494	1420	100.0	True
fp-trigly	1605258	1418	100.0	True
s-igg-sum	9115	1410	100.0	True
fp-kol-hdl	1605257	1402	100.0	True
p-ca-albk	7368224	1400	100.0	True
p-mg	3005285	1400	100.0	True
p-psa-v	1635178	1396	0.0	False
s-van	3277	1396	100.0	True
s-tfr	6001949	1394	100.0	True
happamuusaste,virtsasta	13039	1393	0.0	False
tffesat	4606	1386	100.0	True
e-rdw	630871	1382	100.0	True
u-tutk-1-oma,sg	1605222_3	1372	0.0	False
u-kemseul,u-suhti	101881_3	1362	0.0	False
gt-cdt-ind	50526	1349	0.0	False
cb-ph	0528	1349	0.0	False
s-chpnabm	4204	1348	88.46	True
p-korsol	1002129	1346	100.0	True
pt-gfre	633141	1345	0.0	False
hemolyysi-indeksi	20536	1344	0.0	False
oma-p-gluk	4601160	1343	0.0	False
fp-kol-hdl	7010049	1342	100.0	True
fp-glukoosi	1468	1341	99.93	True
fp-trigly	7010320	1339	100.0	True
s-ccpab	603704	1339	0.0	False
s-cea	3002034	1339	100.0	True
tffesat	2010359	1334	0.0	False
oma-u-tutk,u-ph	4601161_1	1333	0.0	False
u-tutk-1-,sg	1605222_3	1332	0.0	False
b-leuk	2629408	1325	100.0	True
u-osmole	0574	1324	0.0	False
fp-urea	1002888	1322	100.0	True
p-bil-kj	4593	1319	100.0	True
ab-be	5382	1317	100.0	True
p-mg	1002303	1315	100.0	True
e-rdw	7370521	1313	100.0	True
b-hba1c	615779	1313	100.0	True
b-crp	0801	1312	0.0	False
p-ld	4526	1311	100.0	True
b-b-cd19	8374	1310	100.0	True
s-b12-tc2	2101142	1310	0.0	False
tromboplastiiniaika,inr-tulostus,plasmasta	4520	1310	100.0	True
b-ly/abs	9060	1306	100.0	True
s-korsol	3002129	1306	100.0	True
b-ba/abs	9062	1306	100.0	True
u-krea	1002145	1303	100.0	True
pt-gfre	3969737	1302	0.0	False
u-epilevy	50200	1298	100.0	True
p-tsh	7010179	1297	100.0	True
eos	598	1295	100.0	True
emäsylimäärä,laskimoveri	5386	1291	0.0	False
p-asat	604421	1290	100.0	True
u-leuk	102221	1286	100.0	True
u-krea	606670	1286	0.0	False
b-hba1c	2897005	1285	100.0	True
u-a1miglo	15132	1280	0.0	False
u-eryt	101344	1277	100.0	True
cb-be	10084	1275	100.0	True
l-neut	620537	1264	0.0	False
b-crp-o	1217	1252	100.0	True
e-rdw	643282	1251	100.0	True
b-hba1c	2897006	1245	100.0	True
p-tsh	10015837	1245	100.0	True
i-stathct	akiea0019	1240	0.0	False
b-hkr	1333	1237	0.0	False
p-igm	4829	1233	100.0	True
pappakmom	12973	1232	0.0	False
u-ph	325	1232	0.0	False
ntkmom	12976	1231	0.0	False
hcgbvkmom	12974	1231	0.0	False
i-statna	akiea0021	1231	100.0	True
i-statk	akiea0020	1230	0.0	False
i-statcrea	akiea0017	1228	0.0	False
oma-hba1c	5592308	1226	0.0	False
s-prot	3002516	1225	100.0	True
b-leuk	625424	1225	100.0	True
ph,seerumista,osatutk	11554	1224	0.0	False
s-rf	3550	1222	72.46	True
cb-po2	1536	1218	100.0	True
p-crp-hy	7035741	1217	100.0	True
p-gfreepi	11326	1212	100.0	True
p-amyl	605245	1202	100.0	True
p-tsh	10015842	1202	100.0	True
b-tbifng	54254	1200	100.0	True
u-lier	1630671	1194	0.0	False
s-ttgaba	6001885	1191	100.0	True
p-t4-v	10015838	1185	100.0	True
p-ferrit	1605017	1182	100.0	True
b-hkr	602706	1179	100.0	True
p-psa-v	3636304	1178	0.0	False
p-iga	616267	1177	100.0	True
oma-crp-pi	610504	1174	0.0	False
p-tsh	603267	1173	100.0	True
b-hba1c	3636047	1169	0.0	False
b-la	603144	1168	0.0	False
b-lymf	3000043	1167	0.0	False
b-neut	650867	1167	0.0	False
p-gfrtest	15326	1165	0.0	False
l-baso	3000692	1164	0.0	False
l-eos	3000690	1163	0.0	False
l-lymf	3000046	1161	0.0	False
p-kreatiniini	2142	1159	100.0	True
u-sg	0103	1159	0.0	False
u-kemseul,ph	1881_PH	1152	0.0	False
u-suhtih	323	1148	0.0	False
l-monos	3000693	1145	0.0	False
p-psa-v	609298	1142	0.0	False
p-t3-v	607656	1141	0.0	False
b-ghb-a1c,tk	9728	1140	0.0	False
b-hba1c	604132	1139	100.0	True
pt-gfre	648817	1138	0.0	False
e-rdw	2631804	1133	0.0	False
l-neut	650866	1131	0.0	False
p-asat	1001128	1130	100.0	True
fp-pth	3004560	1128	100.0	True
inr/hoito	9910757	1127	0.0	False
u-epitel	0918	1120	0.0	False
p-tt	1731	1115	100.0	True
b-baso	3000040	1109	0.0	False
p-crp-hy	50303	1109	100.0	True
b-eos	3000039	1109	0.0	False
b-monos	3000042	1108	0.0	False
ph	602205	1108	0.0	False
p-t4-v	7010293	1104	100.0	True
cb-be	9218	1098	100.0	True
s-fsh	3001422	1093	81.21	True
-cyp4f2	23164	1093	0.0	False
pt-gfre	4083609	1087	0.0	False
p-tni	650660	1087	100.0	True
p-ferrit	1630464	1083	0.0	False
iga/prealb	9407	1082	0.0	False
p-t4-v	10015843	1081	100.0	True
fp-trfesat	3009906	1077	100.0	True
u-ominaispaino	616	1077	0.0	False
p-t4-v	603268	1077	100.0	True
pt-gfreepi	107310	1077	0.0	False
b-retind	3009200	1075	100.0	True
pt-gfreepi	637332	1072	100.0	True
fp-pi	3001431	1071	100.0	True
p-kol-ldl	633118	1067	0.0	False
u-suhti	0352	1067	0.0	False
u-albkre	7033173	1061	100.0	True
u-krea	100274	1058	100.0	True
oma-crp-pika	610504	1056	0.0	False
u-ph	9102	1056	0.0	False
b-pvk+tkd,leuk	102475_1	1051	100.0	True
nu-albkrea	2630765	1048	0.0	False
u-tutk-1,ph	103268_5	1048	0.0	False
s-tpoab	4028	1047	56.22	True
oma-crp	613992	1045	0.0	False
s-mpoabg	4149	1044	98.78	True
b-crp-pik	4052989	1042	0.0	False
cb-be	0769	1042	100.0	True
p-krea	1605305	1038	100.0	True
s-ca-ion	1604774	1036	100.0	True
eos	1000602	1035	0.0	False
bla	1000342	1034	0.0	False
baso	1000603	1034	0.0	False
oma-crp	604324	1033	0.0	False
lymf	1000600	1031	0.0	False
p-prl	1002507	1029	100.0	True
metam	1000345	1025	0.0	False
mono	1000601	1025	0.0	False
nlt	1000347	1025	0.0	False
myel	1000344	1025	0.0	False
nst	1000346	1024	0.0	False
p-cea	1002034	1022	100.0	True
b-inr-pik	3630673	1022	0.0	False
s-b12-tc2	606275	1018	0.0	False
prom	1000343	1016	0.0	False
pt-fib-4	14742	1010	0.0	False
s-pappa	3628524	1009	0.0	False
p-krea	643361	1009	100.0	True
p-b12-vit	4824	1008	100.0	True
ly-tcd4/8.	13896	1005	0.0	False
p-ferrit	3630464	1004	100.0	True
gluk-pika	9029	1002	100.0	True
s-hcg-b-v	605905	997	100.0	True
s-pappa	605906	997	100.0	True
vb-be	0102	994	100.0	True
p-fidd	6004113	992	100.0	True
s-infli	6381	991	100.0	True
emäsylimäärä,kapillaariveri	5400	991	0.0	False
lymf	3223	990	86.15	True
lipemia-indeksi	20537	987	0.0	False
b-hba1c	10017549	984	100.0	True
s-tsh	2102832	979	100.0	True
pikainr	605449	973	0.0	False
s-ccpab	1604746	968	100.0	True
fp-fe	605267	963	100.0	True
s-prealb	2494	962	52.69	True
b-hba1c	604418	960	100.0	True
p-fibr	1399	959	100.0	True
b-hba1c	1632265	954	0.0	False
p-bil-kj	3005310	952	100.0	True
s-digoks	1001256	951	100.0	True
s-k/l-s-v	616407	950	0.0	False
p-k-vt	11376	950	100.0	True
s-valpr	3681	949	100.0	True
kol/hdl-su	0020	945	0.0	False
p-aptt	2783	943	100.0	True
cp-crp-hy	0181	942	100.0	True
u-tutk-1,ph	103268_4	942	0.0	False
p-t4v	2917626	942	100.0	True
s-d-25	3001220	940	100.0	True
b-hb-a1c	604419	937	100.0	True
vb-emäsylimäärä	10085	936	100.0	True
p-psagen	13984	935	100.0	True
b-retik	611321	933	100.0	True
vb-hco3-st	3009075	931	100.0	True
vb-pco2	3001623	931	100.0	True
vb-be	3009074	931	100.0	True
-nt	2628525	930	0.0	False
vb-po2	3001537	928	100.0	True
oma-inr-pi	1601502	928	0.0	False
l-baso	1000603	926	0.0	False
fp-pth	606684	923	100.0	True
p-krea	10066521	923	100.0	True
p-tni	4531	921	89.44	True
s-d-25	6001220	920	100.0	True
l-bla	1000342	919	0.0	False
b-hba1c	3897006	918	100.0	True
p-ca	605328	915	0.0	False
l-eos	1000602	914	0.0	False
l-lymf	1000600	911	0.0	False
b-ghb-a1c	101560	907	100.0	True
ab-emäsylimäärä	50030	907	100.0	True
oma-inr	614032	906	0.0	False
s-igg	3001676	903	100.0	True
-ph	8591	903	0.0	False
s-ca-iona	7368424	903	100.0	True
-nt	3628525	903	0.0	False
l-metam	1000345	901	0.0	False
l-mono	1000601	898	0.0	False
p-prealb	601658	897	100.0	True
inr-vieri	603108	897	0.0	False
b-hba1c	607474	895	0.0	False
fs-folaat	3001416	893	100.0	True
p-psa,sädehoidettupotilas	13983	893	0.0	False
l-myel	1000344	891	0.0	False
p-t3-v	649823	889	100.0	True
pt-gfreepi	624403	888	0.0	False
p-ca-albk	1630650	886	0.0	False
b-peth	14303	886	100.0	True
p-na	1103622	884	100.0	True
s-li	2260	883	100.0	True
s-cdt	2104101	881	0.0	False
l-nlt	1000347	878	0.0	False
p-omagluk	604603	877	0.0	False
oma-u-tutk,u-ph	4601161_3	877	0.0	False
u-prot	1002519	877	100.0	True
oma-hb	601760	875	0.0	False
p-pct	619806	873	0.0	False
p-krea	604950	872	100.0	True
p-ck-mbm	4525	871	100.0	True
e-punasolujenkokojakauma	19976	870	100.0	True
oma-crp	601063	869	100.0	True
l-nst	1000346	868	0.0	False
pt-gfreepi	3738240	868	0.0	False
p-psa	1003642	867	100.0	True
u-pienep	1665082	865	0.0	False
u-levyep	1665081	864	0.0	False
l-prom	1000343	862	0.0	False
oma-ghb-a1	601860	851	0.0	False
s-cea	2034	848	100.0	True
s-dmklots	3004208	844	99.21	True
p-ld	605263	844	100.0	True
l-neut	398	844	100.0	True
-s.yht.	8593	844	0.0	False
s-b12-tc2	101142	843	100.0	True
s-immunoglobuliini,kevyetketjut,vapaat,kappa-lambda-suhde	50207	840	0.0	False
p-psa-suh	604838	835	100.0	True
p-psa-v	604837	834	100.0	True
pikau-stix,u-ph	39002_U-PH	832	0.0	False
b-hba1c	7010710	829	100.0	True
p-tt-inr	600629	825	100.0	True
u-tutk-1-oma,ph	210_PH	819	0.0	False
p-b12-vit	632851	819	100.0	True
oma-crp	13632	818	0.0	False
fp-transf	605268	816	100.0	True
hb(päiv.hoitaja)	akiea0007	816	0.0	False
s-b12-tc2	6001142	811	100.0	True
pt-gfreepi	625832	810	100.0	True
u-albkrea	3630745	808	0.0	False
p-tsh	636807	806	100.0	True
mono	3230	806	86.56	True
s-k/l-s-v	8648	805	0.0	False
u-suhti	2102715	803	100.0	True
fs-pi	1432	803	100.0	True
lymf	191	802	100.0	True
b-crp-vt	1217	800	100.0	True
u-krea	606902	798	0.0	False
p-kol	633117	798	0.0	False
crp(vo:nyhteydessäotettu),tth	8000	797	100.0	True
ab-ph(t)	0061	795	0.0	False
p-k	1101999	794	100.0	True
s-digoks	3001256	793	100.0	True
s-apob/a1-suhde	02249	793	0.0	False
b-trom	9028	793	0.0	False
p-fsh	1001422	790	0.0	False
b-hb-vt	6590	789	100.0	True
p-probnp	620997	788	0.0	False
b-neut	7010326	786	100.0	True
p-probnp	604432	785	100.0	True
p-igg	5577789	783	0.0	False
fp-trfesat	606124	783	100.0	True
p-krea	10066522	783	100.0	True
s-mkomp-4	610184	782	100.0	True
s-alfa-2	610177	782	100.0	True
s-alfa-1	610176	782	100.0	True
s-mkomp-2	610182	782	100.0	True
s-beta-1	610178	782	100.0	True
s-beta-2	610179	782	100.0	True
s-mkomp-3	612058	782	100.0	True
b-pvk+tkd	2475	782	0.0	False
s-gamma	610180	782	100.0	True
s-album	612055	782	100.0	True
s-mkomp-1	610181	782	100.0	True
s-ph	606713	780	0.0	False
s-alb	3001028	779	100.0	True
u-prot	2519	776	55.29	True
as-leuk	2216	773	100.0	True
cu-tilav	3000207	770	100.0	True
as-eryt	1340	767	100.0	True
cu-kesto	3000211	767	100.0	True
vb-o2sat	616664	767	100.0	True
s-pappa	2628524	765	0.0	False
p-krea	626552	763	100.0	True
p-tsh	3959915	762	100.0	True
nu-albkre	23572	761	100.0	True
pika-inr	601848	760	0.0	False
b-hba1cvt	2897647	759	0.0	False
b-eos	10753	753	100.0	True
s-haptog	1545	752	100.0	True
p-tsh	4077049	749	100.0	True
b-crp-vt	10351	748	100.0	True
cb-tt-inrpika	2789	746	0.0	False
fp-fe	2566	746	100.0	True
erblast	8518	744	0.0	False
b-crp	12773	744	100.0	True
e-rdw	11086	744	100.0	True
pf-ph	20032	743	0.0	False
p-kol-hdl	633119	741	0.0	False
u-ph	247	738	0.0	False
u-sakka,eryt	1600029_1	738	0.0	False
u-ph	2600334	738	0.0	False
p-psa	603958	736	100.0	True
s-album	14346	736	100.0	True
s-alfa-1	14347	733	100.0	True
s-beta-1	14349	733	100.0	True
s-alfa-2	14348	732	100.0	True
l-lymf	600	731	100.0	True
p-crp	1605241	731	100.0	True
-slco1b1	23168	729	0.0	False
s-beta-2	14350	729	100.0	True
p-ca-albk	2630650	727	0.0	False
s-gamma	14351	726	100.0	True
ab-po2	1535	725	99.99	True
s-cmvavi	1831	722	0.0	False
-glutamyylitransferaasi-desialotransferriini-indeksi	12376	720	0.0	False
ab-pco2	1621	711	99.99	True
mono	197	711	100.0	True
gt-cdt-ind	12376	709	0.0	False
fp-gluk,t	602080	708	0.0	False
cu-alb	3035570	708	100.0	True
p-trigly	633120	707	0.0	False
cu-vm	606230	706	100.0	True
s-igf1sds	5379	704	100.0	True
s-etoh	4305	701	94.19	True
p-b12-vit	7037268	700	100.0	True
u-kemseul	1881	699	0.0	False
l-metam	345	698	100.0	True
cu-alb	7033174	697	100.0	True
p-bil	604890	696	100.0	True
p-tt-inr	208	696	0.0	False
p-gt	1489	695	100.0	True
cb-ph	0695	690	0.0	False
u-osmole	609254	690	0.0	False
fs-c-pept	3002503	689	100.0	True
p-igm	5577790	689	0.0	False
f-elast1	3001718	688	100.0	True
p-ck	604428	688	100.0	True
l-nlt	347	686	100.0	True
u-tutk-1-oma,sg	210_SG	686	0.0	False
s-mkomp-1	14352	684	100.0	True
b-ghb-a1c	4001560	683	100.0	True
b-crp	1217	681	100.0	True
ab-ph	10730	681	0.0	False
l-myel	344	681	100.0	True
s-prl	2507	676	94.07	True
l-eos	602	676	100.0	True
b-crp-pika	4052989	675	0.0	False
l-ly	10465	674	100.0	True
p-uraat	605306	673	0.0	False
l-lymf	45080	672	0.0	False
l-baso	603	672	100.0	True
s-t3-v	3002775	669	100.0	True
-cd4-solujensuhdecd8-soluihin	10825	665	0.0	False
b-neut	10754	665	100.0	True
l-monos	10466	662	100.0	True
s-prealb	3002494	661	100.0	True
l-mono	601	657	100.0	True
l-bla	342	657	100.0	True
cu-alb-mi	3004084	656	100.0	True
l-neut	10459	652	100.0	True
s-cdt	1104101	651	0.0	False
p-kol	649647	651	0.0	False
u-osmole	4055509	651	0.0	False
pt-gfreepi	647682	650	0.0	False
pt-gfreepinosatutkimus	15326	649	0.0	False
crp-pika	90	648	0.0	False
u-osmole	3636281	647	0.0	False
u-ph-pika	4053012	647	0.0	False
l-nst	346	646	100.0	True
p-kol-ldl	649649	644	0.0	False
s-pappa	619548	643	100.0	True
s-hcgbv	619549	643	100.0	True
u-seulonta,ph	606400_3	643	0.0	False
crp-pika	3009011	642	100.0	True
l-lymf	0301	641	100.0	True
s-gadab	4400	641	98.63	True
u-krea	609416	640	0.0	False
p-kol-hdl	649648	640	0.0	False
b-neut	600321	640	100.0	True
oma-u-tutk,u-gluk-o	4601161_5	640	0.0	False
p-trigly	649650	639	0.0	False
p-ca-albk	3630650	636	0.0	False
cb-bepika	14237	634	0.0	False
nu-albkrea	1630765	633	0.0	False
l-prom	343	632	100.0	True
p-rf	1003550	631	0.0	False
nt-	5568789	631	0.0	False
ph	609994	631	0.0	False
s-hbsab	1608	630	69.71	True
pt-gfre-cg	627011	630	0.0	False
vb-be-vt	11584	629	100.0	True
s-mypnabg	3004150	626	0.0	False
pt-gfre-md	6000	626	100.0	True
baso	599	626	100.0	True
s-mkomp-1	8956	625	100.0	True
s-d-25	2101220	625	0.0	False
s-rnpab	3317	625	100.0	True
b-retind	9200	624	100.0	True
pd-leuk	4329	622	100.0	True
oma-u-tutk,u-keto-o	4601161_6	622	0.0	False
b-eos	600324	620	100.0	True
mono	600317	619	100.0	True
lymf	600322	619	100.0	True
baso	600325	619	100.0	True
baso	600319	619	100.0	True
neut	600315	619	100.0	True
eos	600318	619	100.0	True
mono	600323	619	100.0	True
fp-kol-ldl	1605269	619	100.0	True
lymf	600316	619	100.0	True
p-fsh	6368	618	100.0	True
s-ige	3001673	617	100.0	True
s-ca-i7.4	631497	616	0.0	False
s-ca-iona	631498	614	0.0	False
u-osmest	633075	613	0.0	False
b-crp	5568387	613	0.0	False
oma-u-tutk,u-nitr-o	4601161_2	612	0.0	False
mb-ph	9242	612	0.0	False
glukoosi(päiv.hoitaja)	akiea0005	611	0.0	False
p-inr-vt	9103	610	0.0	False
s-ph	631499	609	0.0	False
p-bkvnh	6001	607	63.26	True
s-ferrit	1395	606	100.0	True
u-alb	1101029	605	100.0	True
s-dnaab	8092	605	100.0	True
p-urea	605271	603	100.0	True
p-psa-v	2900846	602	100.0	True
s-valpr	1003681	602	100.0	True
s-sappih	3379	599	100.0	True
l-eos	9214	598	100.0	True
p-prealb	4618	598	99.21	True
cb-crp	1217	598	0.0	False
u-ph	647864	597	0.0	False
pt-gfreepi	7310	594	0.0	False
s-lzm	2289	593	100.0	True
s-crp	1216	592	100.0	True
ntkmom	2897206	591	0.0	False
u-ph-huu	2606671	590	0.0	False
s-klotsa	3964	590	76.33	True
p-uraat	604444	589	100.0	True
pappakmom	2897207	587	0.0	False
hcgbvkmom	2897209	587	0.0	False
s-van	1003277	585	100.0	True
s-hcg-b-v	7032504	584	100.0	True
u-ominp-h	3630844	582	0.0	False
u-sakka,leuk	1600029_2	581	0.0	False
s-li	1002260	575	100.0	True
fe-folaat	7033483	575	100.0	True
oma-u-tutk,u-leuk-o	4601161_1	574	0.0	False
i-statcl	akiea0044	574	0.0	False
i-statglu	akiea0047	573	0.0	False
p-psa	606898	572	100.0	True
s-pappa	7032503	571	100.0	True
crpvieri	9041	571	100.0	True
s-album	5597572	571	0.0	False
s-alfa-1	5597573	570	0.0	False
u-albkre	10015133	570	100.0	True
p-gluk,tk	70007	569	0.0	False
fs-sappih	3003379	569	100.0	True
s-kysc	1887	569	100.0	True
s-alfa-2	5597574	567	0.0	False
s-igm	3001688	566	100.0	True
u-albkre	603627	565	100.0	True
u-suhteellinentiheysstix	0103	564	0.0	False
p-korsol	2128	564	100.0	True
b-laktevt	11591	563	100.0	True
fp-kolesteroli	4515	562	100.0	True
s-beta-1	5597575	562	0.0	False
pt-gfrekys	23315	561	100.0	True
u-alb	100273	561	100.0	True
vb-emäsylimäärä	9074	560	100.0	True
s-beta-2	5597576	560	0.0	False
b-pco2	3000104	559	100.0	True
b-be	3000105	559	100.0	True
s-shbg	2737	559	100.0	True
b-ph	3000103	558	100.0	True
p-hco3	3000106	558	100.0	True
b-po2	3000107	558	100.0	True
p-amyl	604420	558	100.0	True
s-gamma	5597577	556	0.0	False
s-hepyabg	3954	556	98.43	True
p-psa-suh	1635177	555	0.0	False
fp-gluk	1101468	555	100.0	True
mittaustulos(mmol/l)	Trom318	552	0.0	False
p-aptt	3002783	552	100.0	True
p-alaniiniaminotransferaasi	1024	550	100.0	True
p-t3-v	7037276	549	100.0	True
p-antifxa	604282	547	98.55	True
p-tt-inr	103576	545	100.0	True
s-ca-i7.4	10299	544	100.0	True
p-t4v	4832	543	100.0	True
p-fidd-o	7035802	543	100.0	True
vb-ph-vt	11570	542	0.0	False
oma-inr	601064	542	0.0	False
p-prl	4830	542	100.0	True
p-pct	1773	542	80.51	True
p-tpoab	607657	541	0.0	False
oma-u-tutk,u-alb-o	4601161_4	539	0.0	False
u-krea	604314	539	100.0	True
b-leuc-v	0127	538	0.0	False
s-tsh	4002832	538	100.0	True
nu-alb	1606685	538	0.0	False
u-muulier	606695	537	100.0	True
u-levyep	606692	537	100.0	True
u-hyalier	606694	537	100.0	True
u-pienep	606693	537	100.0	True
oma-u-tutk,u-eryt-o	4601161_7	537	0.0	False
vb-be	152	535	100.0	True
oma-gluk	7371081	535	0.0	False
s-gamma	8955	535	100.0	True
p-t4-v	636763	531	100.0	True
u-eryt	606690	529	100.0	True
s-ca-ion	621417	528	0.0	False
b-hb,tk	602081	528	0.0	False
u-osmole	3945815	527	100.0	True
p-inr-o	50220	525	0.0	False
pika-crp	601455	525	0.0	False
s-tfr	1949	524	100.0	True
s-d-25	101220	522	100.0	True
u-bakt	0919	522	0.0	False
i-staturea	akiea0051	522	0.0	False
b-glukoosi,hoitoyksikönvieritesti,kokoveri	23229	521	0.0	False
p-afos	7010033	521	100.0	True
s-e2	1366	521	100.0	True
p-d-25	101220	520	100.0	True
b-peth	12510	520	100.0	True
l-ly	3223	519	70.59	True
u-phstix	0105	518	0.0	False
li-igg/alb	3290	517	100.0	True
p-kysc	3004507	517	100.0	True
pt-gfre	2673263	516	0.0	False
l-monos	3230	516	98.19	True
s-cdt	6004101	516	100.0	True
p-tfr	603042	514	0.0	False
s-mkomp-2	8957	514	100.0	True
u-alb	606901	514	0.0	False
p-asat	2605264	513	100.0	True
b-hb	0121	513	0.0	False
p-ck-mbm	607466	511	100.0	True
s-mkomp-3	8958	510	100.0	True
u-leuk	606691	510	100.0	True
s-k/l-s-v	616263	510	0.0	False
b-la	4002203	508	100.0	True
p-psa	613258	506	100.0	True
fp-trigly	1605285	505	100.0	True
l-lymf	0366	505	100.0	True
s-mkomp-4	8959	504	100.0	True
du-ca	1002011	502	100.0	True
s-ana	1002819	501	0.0	False
s-ca-iona	11564	501	100.0	True
b-hba1c/pi	1632285	501	0.0	False
p-haptog	1001545	500	100.0	True
fs-folaat	101416	498	100.0	True
u-suhtih	647862	498	0.0	False
pikau-stix,u-ph	602556_4	498	0.0	False
p-crp-o	8818	496	100.0	True
s-epo	1339	495	68.57	True
b-hkr	101358	495	61.52	True
p-shbg	1002737	495	100.0	True
oma-ghb-a1c	473	494	0.0	False
fp-kol-hdl	1605268	494	100.0	True
nu-alb	4836	494	100.0	True
p-tnt	621002	493	0.0	False
p-iga	650027	492	0.0	False
b-hba1c	614731	492	100.0	True
s-ana	2819	492	100.0	True
s-adali	6382	491	100.0	True
fp-pi	1605029	491	100.0	True
pt-gfreep	2663222	489	0.0	False
b-6-me-mp	21214	488	0.0	False
p-apcres.	13893	488	0.0	False
b-hba1c	3897005	487	100.0	True
s-iga	1666	486	100.0	True
u-albkre	600248	485	100.0	True
du-ca	2011	485	98.22	True
p-ca	645506	485	100.0	True
vb-pco2-vt	11573	485	0.0	False
fp-laktaat	2184	484	100.0	True
b-co	6164	483	100.0	True
u-ph	602090	482	0.0	False
b-6-tgn	21013	482	0.0	False
p-inr(pikamittari)	akivo0007	479	100.0	True
vieri-crp	999	477	0.0	False
b-crp-ospkl	604629	477	0.0	False
p-haptog	20476	477	100.0	True
p-fe	1605016	476	100.0	True
pf-ph	5345	473	0.0	False
crp(vo:nyhteydessäotettu),tth	515000	470	100.0	True
crppika	1217	470	100.0	True
u-albkre	613055	468	100.0	True
p-psa-v	2650740	467	0.0	False
s-bil	1185	466	100.0	True
ab-be	150	465	100.0	True
fp-transf	2603428	465	100.0	True
p-tsh	2738611	464	0.0	False
s-lh	3002265	463	79.14	True
cb-inrpika	11451	463	0.0	False
b-crp-os	604629	462	0.0	False
u-alb	101029	461	100.0	True
b-erblast	50610	461	100.0	True
ab-be	0063	460	100.0	True
s-hcgbv/d	3945257	459	0.0	False
neut	612	458	100.0	True
p-lh	1002265	458	0.0	False
fibrosis-4-indeksi	21799	458	0.0	False
mb-be	5429	458	100.0	True
p-psa-suh	3636303	458	0.0	False
s-beta-2	8954	457	100.0	True
s-t4-v	2836	456	100.0	True
p-osmol	4857	456	100.0	True
b-cr	13010	456	100.0	True
-trfesat	651773	455	0.0	False
u-suht-hy	0367	453	0.0	False
s-osmol	2443	450	100.0	True
s-shbg	3002737	449	100.0	True
s-album	8950	446	100.0	True
nu-albkrea	606082	445	0.0	False
f-elast1	1718	444	100.0	True
b-hba1c	2644700	442	0.0	False
eosin	11584	441	100.0	True
u-krea	0581	440	100.0	True
p-tnt	610556	440	100.0	True
u-phstix	PAIKALLINEN5569008	439	0.0	False
s-k/l-s-v	0996	439	0.0	False
vb-be	4933	439	100.0	True
p-alb	1605324	439	100.0	True
f-elast1	1001718	438	100.0	True
p-tfr	1603042	438	100.0	True
p-psa	10015844	437	100.0	True
i-stathb	akiea0018	437	0.0	False
s-hcg	3002122	436	62.34	True
s-beta-1	8953	435	100.0	True
p-asat	1605004	435	100.0	True
pt-gfreepio1	90062	434	100.0	True
s-mkomp-1	5597578	434	0.0	False
s-alfa-1	8951	432	100.0	True
du-prot	2513	431	72.86	True
u-hb-o	6001556	431	0.0	False
pt-gfreepi	2738770	429	0.0	False
p-bnp	650661	429	100.0	True
s-alfa-2	8952	428	100.0	True
li-igg	1675	427	99.03	True
u-krea	4002145	426	100.0	True
u-seulont,ph	606400_3	423	0.0	False
s-pölyer	7154	423	0.0	False
u-gluk-o	6001479	422	0.0	False
b-krea	13053	421	0.0	False
p-hcg-tot	21251	421	0.0	False
b-k	12447	420	0.0	False
ab-be	0766	420	100.0	True
vb-caionvt	11588	420	100.0	True
pikahb	601215	419	0.0	False
b-na	12448	418	0.0	False
u-keto-o	6001122	418	0.0	False
p-psa	7010628	418	100.0	True
b-eos	4001330	417	100.0	True
u-nitr-o	6003094	416	0.0	False
b-neut	4003238	416	100.0	True
li-igg-ind	224	415	0.0	False
b-eos	1332	413	99.58	True
s-tpoab	1004028	413	0.0	False
p-psa-suh	609297	413	0.0	False
b-inr-pik	2630673	412	0.0	False
p-uraat	1605270	412	100.0	True
b-hb-a1c	7010327	411	100.0	True
fp-b6-vit	6080	411	100.0	True
p-fidd	104113	411	100.0	True
kolesterolinjahdl-kolesterolinsuhde	VI0020	411	0.0	False
p-psa	1615989	410	100.0	True
nu-albkrea	3630765	410	0.0	False
oma-crp	10011274	410	0.0	False
p-afos	1605244	410	100.0	True
pt-audio/i	2279505	410	0.0	False
b-mono	9231	409	99.98	True
p-tfr	604443	408	100.0	True
p-igg	616268	408	100.0	True
p-c3	4545	408	100.0	True
l-lymf(a)	4009235	407	100.0	True
cp-gluk	1605207	407	100.0	True
b-ly	4003223	407	100.0	True
b-monos	4003230	407	100.0	True
l-baso(a)	4001168	407	100.0	True
l-mono(a)	4000399	407	100.0	True
pappakmom	3945256	407	0.0	False
b-hb	101552	407	100.0	True
l-eos(a)	4001332	407	100.0	True
ntkmom	3945255	407	0.0	False
b-baso	4003157	407	100.0	True
l-neut(a)	4000398	407	100.0	True
hcgbvkmom	3945258	406	0.0	False
p-korsol	7037273	406	100.0	True
p-bil	1605325	405	100.0	True
s-dmklots	4208	405	60.81	True
u-leuk-o	6002223	405	0.0	False
pt-ekg-12	1270	405	0.0	False
punasolujenerittelylaskenta	20408	404	0.0	False
l-mono	9213	403	100.0	True
fs-folaat	2101416	401	100.0	True
u-prot-o	6001030	400	0.0	False
u-kemseul,omin.p	1881_OMIN.P	399	0.0	False
s-psa-v/t	622478	398	0.0	False
s-k/l-s-v	0339	396	100.0	True
b-konedif,lymf	603012_2	395	0.0	False
b-konedif,eos	603012_4	395	0.0	False
b-konedif,neutro	603012_1	395	0.0	False
b-konedif,baso	603012_5	395	0.0	False
u-alb	4001029	395	100.0	True
p-pct	6462	395	100.0	True
b-konedif,monos	603012_3	395	0.0	False
b-hba1c/pika	1632285	393	0.0	False
p-kol-ldl	1674162	392	0.0	False
b-qr-crp	5017728	392	100.0	True
p-fsh	7037272	390	100.0	True
s-c1inh	1209	390	100.0	True
mittaustulos(mg/l)	Mit403	390	0.0	False
p-c-reaktiivinenproteiinipikahoitoyksiköt	8518	389	100.0	True
s-ttgaba	1020053	387	100.0	True
s-tpoab	6004028	387	100.0	True
b-leuk	102218	386	100.0	True
vb-ahco3vt	11581	386	100.0	True
s-valpr	6003681	386	100.0	True
p-gt	1605248	386	100.0	True
s-psa	103642	384	100.0	True
b-tbifng	6173	382	93.97	True
u-suhti	102715	382	100.0	True
ab-be	4913	381	100.0	True
fp-krea	1002143	380	100.0	True
p-glukhoi	8512	380	100.0	True
ab-be	45136	378	100.0	True
f-calpro	7354384	377	100.0	True
happamuusaste	1530	377	0.0	False
u-gluk-o	0479	377	0.0	False
p-ferrit	608791	376	100.0	True
u-keto-o	0022	376	0.0	False
s-borrabm	3004096	374	0.0	False
s-mg	2303	373	100.0	True
p-glukoosipikahoitoyksiköt	8512	373	100.0	True
5400	5400	373	0.0	False
u-ph-o	0303	373	0.0	False
oma-pt-ekg	7029004	372	0.0	False
cu-alb-mi	1004084	371	100.0	True
s-ph	10492	370	0.0	False
cp-inr-vt	8162	369	0.0	False
pf-ph	10193	369	0.0	False
p-c4	4546	369	100.0	True
p-gt	101489	368	100.0	True
b-leuk/pi	3636214	367	0.0	False
s-t3-v	2775	365	100.0	True
e-rdw	632931	365	100.0	True
p-psa	603269	364	100.0	True
p-d-25	2901445	364	100.0	True
p-krea	21422	363	100.0	True
p-kalium	1999	363	100.0	True
b-eryt	101341	362	100.0	True
s-igg	1676	362	100.0	True
e-mch	101558	361	100.0	True
pf-ph	50056	361	0.0	False
p-tyreotropiini	4831	361	98.98	True
p-psa-v	622555	360	100.0	True
pikau-sti,u-leuk-o	602556_7	359	0.0	False
pikau-sti,u-prot-o	602556_5	359	0.0	False
pikau-sti,u-keto-o	602556_2	359	0.0	False
pikau-sti,u-eryt-o	602556_3	359	0.0	False
s-t4-v	102836	359	100.0	True
pikau-sti,u-nitr-o	602556_6	359	0.0	False
b-keto/pik	20	358	0.0	False
pikau-sti,u-gluk-o	602556_1	358	0.0	False
u-tutk-1	3268	358	0.0	False
pikau-sti,u-ph	602556_4	358	0.0	False
u-omin.p-	4053014	358	0.0	False
p-tt-inr	600607	358	100.0	True
p-hcg-tot	633200	358	0.0	False
b-neut	N689	358	0.0	False
p-psa	10015839	357	100.0	True
s-ace	1001092	356	0.0	False
ps-crp	602398	356	0.0	False
b-baso	1168	355	100.0	True
leuk-pika	604532	353	100.0	True
du-prot	1002513	352	100.0	True
s-puumabm	3528	352	0.0	False
s-klotsa	7003964	352	100.0	True
p-kol-ldl	3663264	351	0.0	False
s-d-1,25	3003163	351	0.0	False
cb-be	0101	350	100.0	True
b-hba1c/pika	3657981	349	0.0	False
b-hkr	610021	349	100.0	True
s-dmklots	6004208	349	100.0	True
u-nitr-o	0094	348	0.0	False
u-albkrea	614987	347	100.0	True
s-sappih	3003379	347	100.0	True
cb-be	313	346	100.0	True
fs-sappih	3379	346	100.0	True
emäsylimäärä,valtimoveri	5382	346	100.0	True
hb-pika	604533	345	100.0	True
p-probnp	1632369	345	0.0	False
b-trom	102791	344	100.0	True
u-suhti-o	2715	344	0.0	False
b-fosfatidyylietanoli	14303	344	0.0	False
ca++/ph7.4	9551	343	100.0	True
b-crp-o	9700	342	0.0	False
vb-ph	0341	341	0.0	False
p-rf	2629868	340	0.0	False
p-ca	1605328	340	100.0	True
du-tilav	3000208	338	100.0	True
s-mypnabg	1004150	337	0.0	False
s-smab	3324	337	100.0	True
s-psa-suh	4637	337	99.22	True
s-hepyabg	1003954	337	87.5	True
cb-be	45139	336	100.0	True
u-pienep	3967099	335	0.0	False
s-koivue	7015	334	0.0	False
p-psa-v	4059090	334	0.0	False
u-albkre	10015113	334	100.0	True
u-prot-o	0030	333	0.0	False
b-hb-a1c	1560	333	93.78	True
u-levyep	3967098	333	0.0	False
s-toxoabg	2749	333	100.0	True
p-urea	1605077	331	100.0	True
p-tromboplastiiniaika-pika,inrpika-tulos	50489	331	0.0	False
p-tnt	1629464	331	0.0	False
s-t4-v	4002836	329	100.0	True
nu-alb	2606685	329	0.0	False
u-epit	1630670	329	0.0	False
l-mono	0915	328	100.0	True
du-prot	3002513	328	95.76	True
u-osmole	1635090	328	0.0	False
l-lymf	9212	327	100.0	True
l-lymf	0903	327	100.0	True
p-preurea	11500	326	100.0	True
p-non-hdl	7908	326	0.0	False
inr-vieri	96	326	0.0	False
p-amylp	1634830	326	0.0	False
li-gluk	1470	326	100.0	True
u-osmole	617905	326	100.0	True
b-leuk-vt	6589	326	100.0	True
s-afp	1001040	326	100.0	True
p-igm	616269	325	100.0	True
ab-ph(t)	0007	325	0.0	False
l-eos	0912	324	100.0	True
s-ige	6001673	324	100.0	True
p-t4-v	3959916	324	100.0	True
vb-bepika	14233	324	100.0	True
p-d-25	609559	324	0.0	False
psa-v/psa	610015	323	100.0	True
p-psa-v	610014	323	100.0	True
u-albkre	604312	323	100.0	True
b-hba1c	3632264	323	0.0	False
p-pc	3003435	322	100.0	True
s-timotee	7009	321	100.0	True
s-ca19-9	3003412	321	100.0	True
p-prl	1605031	320	100.0	True
u-phstix	9004	318	0.0	False
b-ly	7010064	318	100.0	True
u-ph	101530	318	0.0	False
ab-be	0204	317	100.0	True
u-levyep	3658861	316	0.0	False
u-albkre	603121	316	100.0	True
s-dgpabg	618505	316	0.0	False
oma-fp-glu	602182	316	0.0	False
u-sakka,leuk	102600_2	316	0.0	False
s-prot	6002516	316	100.0	True
u-pienep	3658862	315	0.0	False
u-huum-7,ph	606595_8	315	0.0	False
pappakmom	3897207	313	0.0	False
cu-alb-mi	4084	313	100.0	True
ntkmom	3897206	313	0.0	False
hcgbvkmom	3897209	313	0.0	False
u-sakka,epit	102600_3	311	0.0	False
s-tpoab	3004028	311	67.55	True
p-inr	3576	311	0.0	False
p-reninm	6339	311	100.0	True
p-haptog	617396	309	100.0	True
p-inr-vt	653	308	0.0	False
u-krea	1102145	306	100.0	True
u-ph	10099	305	0.0	False
u-sakka,makrof	102600_4	305	0.0	False
b-lymf	9230	305	100.0	True
sao2	9743	305	0.0	False
p-kol	1674160	304	0.0	False
u-ph	375	304	0.0	False
p-psa-suh	603960	304	100.0	True
p-psa-v	603959	304	100.0	True
p-hcg	7034641	304	100.0	True
b-hba1c	603188	303	100.0	True
u-sakka,eryt	102600_1	303	0.0	False
p-antifxa	1003828	303	100.0	True
psa-v/psa	602225	303	100.0	True
fp-nh4-ion	3001071	302	100.0	True
u-sakka,lier	102600_5	302	0.0	False
fb-gluk	1467	302	100.0	True
p-asat	605264	302	100.0	True
u-ph-o	PAIKALLINEN103667	301	0.0	False
s-olants	3001900	301	100.0	True
ps-inr	602401	300	0.0	False
u-ominaisp	akiosa0009	300	0.0	False
e-retik	6002582	300	100.0	True
plasmaninr(k)	3576	299	0.0	False
p-lh	6367	299	100.0	True
fp-urea	3004573	298	100.0	True
fs-sappih	1003379	298	100.0	True
s-kalsium,ionisoitunut	597	297	100.0	True
p-tt-inr	615121	296	0.0	False
b-gluk	0111	295	0.0	False
b-ti	6166	295	100.0	True
l-blastit	674	295	100.0	True
b-erytrosyytit,tilavuusosuus	0639	295	0.0	False
p-probnp	3636089	293	0.0	False
fs-rf	3003550	293	100.0	True
u-leuk.	14057	292	100.0	True
l-metamye	677	292	100.0	True
u-eryt.	14056	292	100.0	True
s-ca12-5	3003414	291	100.0	True
u-ph	600334	291	0.0	False
u-albkrea	606080	291	0.0	False
p-t4-v	2738612	291	0.0	False
epit.solut	14058	291	0.0	False
p-tni	621001	289	0.0	False
u-osmol	3002444	289	100.0	True
s-borrabm	4096	289	100.0	True
sy-leuk	1003080	289	100.0	True
fs-pth	1603680	289	0.0	False
s-dnanab	1261	288	58.48	True
b-retik	7354422	288	100.0	True
b-baso	7010065	288	100.0	True
b-monos	7010066	288	100.0	True
pt-fvspido	618833	288	0.0	False
pt-fvspiro	1002680	287	0.0	False
l-myelos	676	286	100.0	True
s-klotsa	602622	285	100.0	True
fp-trfesat	8855	285	100.0	True
u-leuk-o	0222	284	0.0	False
cb-inr-oma	21392	284	0.0	False
s-vlseabm	618440	284	0.0	False
p-omagluk	600554	284	0.0	False
p-t4-v	4077050	283	100.0	True
b-inr-vt	6597	283	0.0	False
s-hepyabg	3003954	282	100.0	True
s-li	6002260	282	100.0	True
p-bnp	620999	282	0.0	False
p-myogl	615783	282	0.0	False
emäsylimäärä,koneveri	5429	281	0.0	False
pt-gfreep	21218	281	0.0	False
b-la	1102203	281	100.0	True
u-kemseul,ph	103268_5	279	0.0	False
s-k/l-s-v	9055	279	0.0	False
p-amyl	1605266	279	100.0	True
kol/hdl	5008	278	0.0	False
p-crp	2605304	278	100.0	True
fp-c-pept	616725	278	0.0	False
baso	3157	277	100.0	True
u-phv	1364	275	0.0	False
b-hba1c/pi	3657981	275	0.0	False
fs-transferiininrautakyllästeisyys	10100	275	0.0	False
p-tt	615925	275	0.0	False
s-hcgbv/d	608216	274	0.0	False
p-kol-hdl	1674161	274	0.0	False
s-papp-a	2628524	274	0.0	False
fe-folaat	604293	274	100.0	True
emäsylimäärä,laskimoverestä,pikatesti	14233	273	0.0	False
lieriöt	14059	273	100.0	True
u-suhtih	373	272	0.0	False
s-k/l-s-v	0626	272	0.0	False
ab-ph	9452	272	0.0	False
l-promyel	675	272	100.0	True
sy-solut	3002658	272	0.0	False
p-rf	1605251	271	100.0	True
-transf	20426	269	100.0	True
du-iglck	98320	269	0.0	False
p-probnp	2897325	269	0.0	False
p-tt-inr	104520	268	100.0	True
kolesterolinjahdl-kolest.suhde	0020	268	0.0	False
:glutamyylitransferaasi-desialotransferriini-indeksi	50526	268	0.0	False
u-sakka,muuta	102600_6	267	0.0	False
s-ph	4008523	267	0.0	False
p-iga	1605019	267	100.0	True
oma-b-hb	1601420	267	100.0	True
p-trigly	1674163	267	0.0	False
u-eryt-o	0045	266	0.0	False
u-bakt	9271	266	0.0	False
s-koirhie	7040	266	100.0	True
s-rasvahappotasapaino	0643	265	0.0	False
s-sydäntautiriskinpisteytys	0646	265	0.0	False
s-diabetesresistenssi	0649	265	0.0	False
u-epit	603953	265	100.0	True
s-kisshie	7039	265	100.0	True
s-kolesterolitasapaino	0642	265	0.0	False
s-pölyer	3000507	265	0.0	False
s-dheas	3166	265	100.0	True
p-ck	102134	265	100.0	True
s-tulehdus	0641	265	0.0	False
s-tyypin2diabetesriskinpisteytys	0648	265	0.0	False
s-verensokeri	0650	265	0.0	False
s-healthindex(nhi)	0640	265	0.0	False
s-sydämenikä	0644	265	0.0	False
p-fviii.	3008091	264	100.0	True
u-tutk-1,ph	3268_PH	264	0.0	False
u-eryt	603952	264	100.0	True
p-crp-vt	620739	263	0.0	False
u-lier	603954	263	100.0	True
virtsansolujenhl7-siirtoon	50200	262	0.0	False
b-hb-vt	10148	262	100.0	True
cp-c-reaktiivinenproteiini,ihopiston,hoitoyksikössä	0181	261	0.0	False
u-osmol	1002444	261	100.0	True
ua-be	8918	261	100.0	True
ab-be	0100	260	100.0	True
b-hkr	600776	259	0.0	False
b-hba1c	604112	259	100.0	True
s-hepyaba	3953	258	100.0	True
l-neutrofiilit	10459	258	100.0	True
l-lymfosyytit	10465	258	100.0	True
s-omega-6-rasvahappojensuhdenomega-3-rasvahappo	0620	258	0.0	False
u-huum-7,ominaispaino	606595_9	257	0.0	False
b-neutrofiilit	10754	257	100.0	True
du-prot	6002513	257	100.0	True
suhteellinentiheys(kval)	0715	256	0.0	False
p-rf	3550	256	76.96	True
p-rf	3629868	256	0.0	False
pt-gfre-md	609327	255	0.0	False
p-psa-suh	7010627	255	100.0	True
pt-gfreepi	10110	255	0.0	False
u-kemseul,op	103268_3	254	0.0	False
s-monityydyttymättömienrasvahappojensuhdekerta	0619	254	0.0	False
s-k/l-s-v	20114	253	0.0	False
fp-ctx	616804	253	0.0	False
fs-c-pept	2503	253	100.0	True
u-leuk	602092	252	0.0	False
b-lymf	3223	252	100.0	True
fb-folaat	609485	251	100.0	True
p-rf	605269	251	100.0	True
s-tshrab	606133	251	0.0	False
u-krea	617804	251	0.0	False
b-eosinofiilit	10753	250	100.0	True
fs-fe	2566	248	100.0	True
fp-nh4-ion	1001071	248	100.0	True
l-neut	0905	248	100.0	True
p-psa-suh	613260	247	100.0	True
virtsam.	637191	247	0.0	False
p-psa-v	613259	247	100.0	True
b-eryt	600774	246	100.0	True
b-leuk	600773	246	100.0	True
cb-hbo2sat	1534	246	100.0	True
b-leuk-vt	622078	246	0.0	False
b-trom	600777	246	100.0	True
leukosyytit	2218	246	100.0	True
pt-glomerulustensuodatusnopeus,estimoitu,mdrd-kaava	6000	246	100.0	True
p-c-pept	576	246	100.0	True
b-hb	600775	246	100.0	True
p-psa-v	104254	245	100.0	True
s-igm	1688	245	100.0	True
l-ly	1605113	245	100.0	True
s-klotsa	2003964	245	100.0	True
l-neut	1605331	244	100.0	True
fe-folaat	1101414	244	100.0	True
cb-gluk-vt	3616	243	100.0	True
l-baso	0913	243	100.0	True
ly-cd4/cd8	0869	242	0.0	False
s-hcgbv/d	2897208	242	100.0	True
s-pujoe	7024	242	100.0	True
p-khoi	8533	242	100.0	True
p-prealb	617016	242	100.0	True
s-haptog	3001545	242	100.0	True
p-alb	7010035	241	100.0	True
u-alb/kre,u-krea	601384_3	241	0.0	False
u-gluk	602091	241	0.0	False
vp-gluk-0h	608612	240	0.0	False
b-hba1c-oma	2632285	239	0.0	False
-cdt	20425	239	100.0	True
u-kemseu,ph	103268_5	239	0.0	False
pappakmom	608215	238	0.0	False
ntkmom	608214	238	0.0	False
oma-hb	614033	238	0.0	False
s-dnanab	1001261	238	100.0	True
s-testovl	6451	237	100.0	True
b-hkr	0210	237	0.0	False
p-crp	625398	237	100.0	True
ab-hco3-st	153	236	100.0	True
s-ssaab	3322	236	100.0	True
vp-gluk-2h	608613	235	0.0	False
s-ccpab	613001	235	0.0	False
p-probnp	2645000	235	0.0	False
hcgbvkmom	608217	235	0.0	False
ab-ph	0320	235	0.0	False
b-leuk-vt	11018	234	100.0	True
s-epo	3001339	233	93.61	True
mb-be	9243	233	100.0	True
pt-gfre	3743355	232	0.0	False
p-ca	2605328	232	100.0	True
s-iglck-v	606137	232	0.0	False
l-monos	1605115	232	100.0	True
p-tsh	626020	231	0.0	False
s-antitry	1001038	231	100.0	True
pt-gfre-md	604820	231	100.0	True
s-ssbab	3323	230	100.0	True
p-kaliumpikahoitoyksiköt	8533	230	100.0	True
s-ige	1001673	229	100.0	True
li-alb	1027	229	99.06	True
p-lakthoi	8510	228	100.0	True
s-dpteroe	7105	228	100.0	True
s-gadab	1004400	228	0.0	False
120mp-glu	100115	228	100.0	True
p-probnp	610558	228	100.0	True
cyp4f2-geeninnukleotidivariaatiot,dna-tutkimus	14590	228	0.0	False
s-hepyaba	3003953	227	100.0	True
vb-na-vt	PAIKALLINEN5604597	227	0.0	False
fs-a-vit	1113	227	100.0	True
l-monosyytit	10466	227	100.0	True
vb-k-vt	PAIKALLINEN5604598	226	0.0	False
s-tsh	603079	226	100.0	True
s-k/l-s-v	604268	226	0.0	False
s-iglcl-v	606138	226	0.0	False
b-hkr	1101358	226	99.93	True
du-prot	3025130	225	100.0	True
fp-nh4-ion	1071	224	100.0	True
u-kemseu,op	103268_3	224	0.0	False
phadiatop	1000970	224	100.0	True
s-cdt	104101	223	100.0	True
l-neut	9211	223	100.0	True
p-laktaattipikahoitoyksiköt	8510	222	0.0	False
u-suhtih	602223	222	0.0	False
s-lzm	1002289	222	100.0	True
vb-hb-vt	PAIKALLINEN5604599	222	0.0	False
s-igg	11676	221	100.0	True
s-chpnabg	3004294	221	100.0	True
e-mcv	101357	220	100.0	True
s-p�lyer	7154	220	0.0	False
u-lier	1615358	219	100.0	True
p-ld	1605025	219	100.0	True
u-eryt	1615356	219	100.0	True
p-probnp	602564	218	100.0	True
b-inrvieri	9040	218	0.0	False
u-epit	1615359	218	100.0	True
u-leuk	1615357	217	100.0	True
s-alb	577	217	0.0	False
u-na	3002386	217	100.0	True
u-baktvi	101155	216	0.0	False
s-digoks	6001256	216	100.0	True
u-prot	0471	215	100.0	True
s-borabmv	14524	215	100.0	True
p-ca-albk	6384	214	100.0	True
glukoosi,pikatesti,veri	23251	214	0.0	False
u-omin.p-pika	4053014	214	0.0	False
f-calpro	4871	214	100.0	True
oma-p-gluk	625874	213	0.0	False
p-ph	7368423	212	0.0	False
p-psa-suh	2900845	211	100.0	True
s-gt	1489	211	99.88	True
p-kalsium,ionisoitunutpika,hoitoyksiköt	8535	210	100.0	True
p-tt	1607046	210	100.0	True
fe-folaat	101414	210	100.0	True
ab-be-vt	11583	210	0.0	False
s-ucrp	113	210	100.0	True
u-alb-mi	617799	210	0.0	False
pt-gfre-cg	605111	209	0.0	False
oma-crp	10011093	209	0.0	False
s-kalsium,ionisoitunutph7.4korjattu	10299	208	0.0	False
u-albumiini-kreatiniini-suhde,osatutk.	4511	208	0.0	False
zb-emäsylimäärä	11453	208	0.0	False
pika-crp	100001	208	0.0	False
p-na-vt	11375	208	100.0	True
s-ige	1673	208	99.97	True
s-antitry	1038	207	100.0	True
s-lh	2265	207	56.83	True
ihopisto	5594689	206	0.0	False
s-psa-suh	602612	206	100.0	True
s-van	3003277	205	100.0	True
b-erblast	1602870	204	100.0	True
fp-kol	609270	204	100.0	True
s-anaab	618256	204	100.0	True
p-kol	3663262	203	0.0	False
u-epit	10017268	203	0.0	False
p-tfr	603658	203	100.0	True
b-crp-v	1217	202	100.0	True
s-clteab	2738	202	100.0	True
p-psa-v	2635178	202	0.0	False
u-eryt	10017288	202	0.0	False
fs-ace	3001092	202	100.0	True
s-kalsium,ionisoitunut,aktuaali	11564	202	100.0	True
u-lier	10017269	201	0.0	False
u-baktb	0576	201	0.0	False
c-reaktiivinenproteiini,tk:ntekemä	462	201	0.0	False
ab-emäsylimäärä	0063	201	100.0	True
u-eryt	602095	201	0.0	False
pt-glomerulussuodosnopeus	10110	201	0.0	False
b-hb-vt	652	201	100.0	True
ca-ion	602206	201	100.0	True
u-prot	602094	201	0.0	False
u-leukb	0575	201	0.0	False
ca++/7.40	602204	201	100.0	True
p-myogl	605265	201	100.0	True
p-psa-v	3946038	200	100.0	True
u-tutk-1,ph	1605276_4	200	0.0	False
p-ferrit	613961	199	100.0	True
p-alb	604891	199	100.0	True
oma-kol	609397	199	0.0	False
s-afos	1046	199	99.6	True
cu-alb	602630	199	100.0	True
fp-c-pept	6369	199	100.0	True
ph,seerumista	11554	198	0.0	False
u-na	1002386	198	100.0	True
s-kerulo	1002041	197	100.0	True
vb-pco2-vt	PAIKALLINEN5604594	197	0.0	False
b-erytrosyytit,tilavuusosuus,pikahoitoyksiköt	8519	196	0.0	False
s-epo	1001339	196	80.0	True
cyp4f2-geeninnukleotidivariaatiot,dna-tutkimus	54983	196	0.0	False
-crppikatesti	100001	196	0.0	False
s-iglcl-v	619596	196	100.0	True
b-hba1cvt	6591	196	100.0	True
p-fibr	3001399	196	100.0	True
u-krea	102145	195	100.0	True
p-psa-suh	10015846	195	100.0	True
s-c-pep-a	8145	195	100.0	True
s-iglck-v	619595	195	100.0	True
p-psa-v	10015845	195	100.0	True
s-hcgbv/d	3636087	195	0.0	False
p-crp-o	2629324	194	100.0	True
u-eryt	3001344	193	100.0	True
u-alb-mi	637192	193	100.0	True
s-ccpab	600745	193	100.0	True
s-mypnabg	6004150	193	0.0	False
l-baso	9215	193	100.0	True
p-haptog	14804	193	0.0	False
cb-inr,pikamääritys	11451	193	0.0	False
cb-hb	600540	192	0.0	False
p-rf	6404	192	88.46	True
p-inr-oma	614667	192	0.0	False
fs-ph	1605190	192	0.0	False
u-osmoie	2646120	191	0.0	False
s-karba	3002027	191	100.0	True
fp-pth	600441	191	100.0	True
kalium,hoitoyksikönvieritesti,veri	23228	191	0.0	False
p-inr-poc	9606	191	0.0	False
s-tsh	6002832	190	100.0	True
p-probnp	608314	190	0.0	False
pt-apri	21758	190	0.0	False
p-uraat	7010056	190	100.0	True
u-kemvt,sg	23081_SG	189	0.0	False
pt-glomerulussuodosnopeus,estimoitu,ckd-epi-kaava	4605	189	0.0	False
s-d-25	629949	189	0.0	False
p-ps-agv	3004000	188	100.0	True
glukvieri	9068	188	0.0	False
e-rdw	0450	188	100.0	True
pt-gfre-3	10300	188	100.0	True
b-hb	3629410	188	100.0	True
pt-gfre-md	625516	188	0.0	False
cb-leuk-hy	0894	187	100.0	True
crp-pika	604292	187	0.0	False
s-scl70ab	37650	187	100.0	True
fs-ph	0526	186	0.0	False
p-mg	1604555	186	100.0	True
p-zn	2639	186	100.0	True
s-hivab	3473	186	0.0	False
p-crp	609277	185	100.0	True
cb-emäsylimäärä	10084	185	100.0	True
p-b12-vit	7010576	185	100.0	True
hoiglukstx	91471	185	0.0	False
b-hba1c/pi	3636048	185	0.0	False
s-kysc	607736	183	0.0	False
b-ghba1c/p	2607246	183	0.0	False
p-myogl	4602	183	100.0	True
u-nitr	602093	182	0.0	False
lymf	600	182	100.0	True
l-eos	6001332	182	100.0	True
ab-ph	6001527	182	0.0	False
s-rnpab	1003317	181	0.0	False
s-t4-v	603080	181	100.0	True
s-om5glie	13651	181	0.0	False
cp-inr-hy	0895	181	0.0	False
p-probnp	3897325	181	0.0	False
p.-trombai	602875	180	100.0	True
p-luakrvv	4425	180	0.0	False
ntkmom	3636085	179	0.0	False
fp-kol-ldl	609272	179	100.0	True
s-borrabg	3004095	179	0.0	False
pappakmom	3636086	179	0.0	False
u-krea	609991	179	100.0	True
p-tt.	3013892	179	100.0	True
ab-po2-vt	11575	179	0.0	False
hcgbvkmom	3636088	179	0.0	False
p-ca-albk	607257	178	100.0	True
s-korsol	2129	178	100.0	True
s-iglcl-v	616406	177	100.0	True
cb-ahco3	5389	177	100.0	True
s-iglck-v	616405	177	100.0	True
c6-indeksi	13177	177	0.0	False
p-tsh	3738338	177	100.0	True
p-gt	7010046	177	100.0	True
s-tsh-peg	7033219	177	100.0	True
u-kemseul,u-ph	603617_4	176	0.0	False
p-t4v	626021	176	0.0	False
-kt/v,daugirdaksenkaava	11502	176	0.0	False
u-gran	3000304	175	0.0	False
b-neut	629566	174	100.0	True
s-ebvabg	3001336	174	100.0	True
b-hb	1101552	174	100.0	True
s-osmol	1002443	174	100.0	True
s-tsh	1102832	174	100.0	True
p-cl	3002080	173	100.0	True
p-bil	7010038	173	100.0	True
p-shbg	2737	173	100.0	True
s-borrabg	4095	172	100.0	True
s-lzm	3002289	172	100.0	True
u-epit	615361	172	100.0	True
e-rdw	3895985	172	100.0	True
p-bil-kj	1001189	171	100.0	True
p-apcres.	3013893	171	0.0	False
p-krea-vt	11325	171	100.0	True
p-hcg	6403	171	89.95	True
p-at3.	602874	171	100.0	True
pt-glomerulussuodosnopeus,estimoitu,ckd-epi-kaava(p-kreaosatutkimus)	0232	171	100.0	True
p-crp-o	1613895	171	100.0	True
du-iglcl	98330	170	0.0	False
p-iga	604897	170	100.0	True
6820	6820	170	0.0	False
p-psa-v	3635178	170	0.0	False
ab-pco2-vt	11572	170	0.0	False
p-tfr	613076	170	100.0	True
s-smab	1003324	170	0.0	False
oma-cp-glu	1601503	169	0.0	False
u-lier	615362	169	100.0	True
s-tshrab	617817	169	55.8	True
s-hevohie	7033	169	100.0	True
lymfos	11580	168	100.0	True
kt/v	11502	168	0.0	False
p-ca12-5	1003414	168	0.0	False
ab-ph-vt	11569	168	0.0	False
marevan-hoidonseur.tatesti,hoitoyksikkötekeesormenpäänäyte	9910757	168	0.0	False
s-lam-ex	23384	168	0.0	False
p-tnt-o	7035801	168	100.0	True
u-albkre	619157	167	0.0	False
p-gluk-a2	8853	167	100.0	True
fs-cga	4504	167	99.82	True
s-kap-ex	23385	166	0.0	False
ps-gluk	602400	166	0.0	False
vb-happamuusaste	11570	166	0.0	False
s-scl70ab	3765	166	100.0	True
inrpika	0116	166	0.0	False
s-prostataspesifinenantigeeni	10095	165	100.0	True
u-tutkimus1,seulonta,osavastaussg	23081_SG	165	0.0	False
s-codiab	1253	165	100.0	True
s-dmklots	619497	165	0.0	False
p-krea	610351	164	100.0	True
p-at3	3001103	164	100.0	True
pt-gfre-md	605059	164	0.0	False
s-karba	1002027	164	100.0	True
s-tshrab	618872	163	0.0	False
p-kol-hdl	3663263	163	0.0	False
s-d-1,25	1003163	163	0.0	False
b-hb	2629410	163	100.0	True
p-tnt	2629464	163	0.0	False
s-chpnabg	1004294	163	0.0	False
s-k/l-ex	23386	163	0.0	False
p-tt-inrp	606257	162	0.0	False
fibrosis-4indeksi	14742	162	0.0	False
u-kemseul,u-sg	603617_6	162	0.0	False
e-retik	1102581	162	100.0	True
p-lh/fsh	827	161	0.0	False
p-bnp	1664420	161	0.0	False
u-albkrea	618156	161	100.0	True
du-krea	1002141	161	0.0	False
pt-gfreepi	90062	161	100.0	True
s-mg-ion	13745	161	100.0	True
fs-pth	2457	161	0.0	False
s-c3	2106	161	100.0	True
oma-inr	614161	160	0.0	False
s-mkomp-2	5597579	160	0.0	False
s-cmvabg	4168	159	100.0	True
p-trigly	3663261	159	0.0	False
u-ph-huu	0056	159	0.0	False
vb-hco3-vt	PAIKALLINEN5604596	159	0.0	False
p-viskos	2978	158	100.0	True
fp-kol	1605284	158	100.0	True
s-alat	1026	158	99.92	True
eos	602	157	100.0	True
p-psa-v	10015840	157	100.0	True
p-psa-suh	10015841	157	100.0	True
s-ana	3002819	157	100.0	True
u-na	2386	157	100.0	True
ph	606909	157	0.0	False
ab-ahco3vt	11580	157	100.0	True
p-tt-inrqc	605907	156	0.0	False
ntkmom	627357	156	0.0	False
s-enaab	7033478	156	100.0	True
hcgbvkmom	627356	156	0.0	False
c6-indeksi	5577307	156	0.0	False
pappakmom	627355	156	0.0	False
p-psa-suh	603271	155	100.0	True
p-psa-v	603270	155	100.0	True
fp-fe	606570	155	100.0	True
fp-ca	604426	155	100.0	True
p-ca++hoi	8535	155	0.0	False
p-fidd	2104113	155	100.0	True
o2-virt	PYL-MUS38	155	0.0	False
b-hkrhoi	8519	155	0.0	False
s-norklots	1011045	154	0.0	False
verensokeri,tk:ntekemä	256	154	0.0	False
b-gluk-vt	58	154	0.0	False
pt-glomerulussuodatusnopeus	11326	154	0.0	False
b-ghb-a1c	1101560	154	100.0	True
u-keto-de	21418	153	0.0	False
p-t3-v	2106362	153	0.0	False
u-hb-o	1556	153	0.0	False
fp-kol	2605284	152	100.0	True
p-haptog	1545	152	100.0	True
p-tkfiddo	3003939	152	100.0	True
sy-leuk	3003080	152	100.0	True
l-lymf	0904	152	100.0	True
vb-he-tase,vb-pco2	101543_2	152	0.0	False
oma-ghb-a1c	601860	152	0.0	False
epiteelit	980	152	100.0	True
p-krea-vt	623056	151	0.0	False
p-se	4564	151	100.0	True
s-vedol	10200	151	100.0	True
näköseula	2279506	151	0.0	False
lieriöt	981	151	100.0	True
p-na-vt	623035	151	0.0	False
p-k-vt	623055	151	0.0	False
s-c4	2107	150	100.0	True
s-cmvabm	4169	150	100.0	True
b-multiplateadp	14087	150	0.0	False
b-fidd-vt	6596	150	0.0	False
s-ketiap	606329	150	0.0	False
s-afp	1040	149	87.55	True
u-ph	0350	149	0.0	False
s-pappa	613102	148	100.0	True
cb-hb	5401	148	100.0	True
vb-be	0347	148	100.0	True
u-alb/kre,u-alb	601384_2	148	0.0	False
s-hcg-b-v	613101	148	100.0	True
p-bnp	3658241	148	0.0	False
pt-glomerulussuodosnopeus,estimoituckd-epikaavallakystatiinic:stä	21904	147	100.0	True
b-hkr	11358	147	0.0	False
f-calpro	1665000	146	0.0	False
p-tt-inr	44520	146	0.0	False
b-hkr	2101358	146	100.0	True
s-hbsab	1001608	146	0.0	False
s-ph	627274	146	0.0	False
u-huum-10,ph	630291_11	146	0.0	False
b-baso	9227	145	99.99	True
u-suhteellinentiheys,osatutkimus	2715	145	0.0	False
s-testo	6002735	145	100.0	True
s-mypnabg	600469	145	0.0	False
pt-paino	10015	145	0.0	False
s-ruokaer	3000508	144	0.0	False
p-pc	3435	144	100.0	True
p-posturea	11501	144	100.0	True
14593	14593	144	0.0	False
s-prot	1102516	144	100.0	True
s-achr-ab	3427	143	100.0	True
u-seulonta,ph	32681_PH	143	0.0	False
u-k	3002004	143	100.0	True
pt-gfre	10055630	143	100.0	True
s-tpoab	1104028	142	0.0	False
s-mkomp-3	5597580	142	0.0	False
b-hb-a1c	626068	142	100.0	True
p-ca	7022828	142	100.0	True
b-hb-pika	4052992	142	0.0	False
nlt	347	142	0.0	False
p-aptt	1002783	142	100.0	True
e-rdw	2895985	141	100.0	True
s-ohkarba	1003957	141	100.0	True
u-ph	55555555	140	0.0	False
p-t3-v	622560	140	0.0	False
s-aldos	1034	140	100.0	True
glukoosi,vieritutkimus	10756	140	0.0	False
-slco1b1	54986	140	0.0	False
s-borabgv	14525	140	100.0	True
b-hb-pika	614762	139	0.0	False
u-suhti	3002715	139	100.0	True
oma-p-tnt	7351888	139	0.0	False
p-ige	6458	139	100.0	True
s-hcg	2122	139	76.96	True
suhteellinentiheys	2715	139	0.0	False
b-angap	10962	138	100.0	True
p-ca-albk	7022829	138	100.0	True
pika-crp	9112	138	100.0	True
kolesterolinjahdl-kolesterolinsuhde	0020	138	0.0	False
s-vlseabg	618439	138	0.0	False
u-suhti	3663282	138	0.0	False
leuk-pika	10018588	138	100.0	True
sy-solut	2658	138	0.0	False
s-infliks	13056	137	100.0	True
ca-ion	609993	137	100.0	True
s-aldos-p	1001037	137	100.0	True
p-d-25	614865	137	100.0	True
li-prot	3002514	137	100.0	True
p-reninm	643503	137	0.0	False
p-tfr	10015198	136	0.0	False
p-nh4-ion	3001071	136	100.0	True
s-afp	4001040	136	100.0	True
astmatesti	622031	136	0.0	False
u-ph	3663281	136	0.0	False
b-hb-hoi	991552	136	0.0	False
p-fviii.	8091	135	100.0	True
p-tsh	623355	135	0.0	False
s-d-25	609559	135	0.0	False
fp-pi	604423	135	100.0	True
s-sentab	3652	134	100.0	True
p-psa-suh	1608385	134	100.0	True
fp-renin-p	1003628	134	100.0	True
fs-ca-iona	1605193	134	100.0	True
omaastmat	620126	133	0.0	False
p-alb	1605243	133	100.0	True
vb-hco3-st	155	133	100.0	True
p-acth	1020	133	99.93	True
ab-be	10734	133	100.0	True
u-suhtih-o	33333333	133	0.0	False
b-hb-met	13413	133	100.0	True
pulssi	10410	133	0.0	False
p-cl	1002080	133	0.0	False
p-ck	1605261	132	100.0	True
li-gluk	3001470	132	100.0	True
p-tnt	3629464	132	0.0	False
p-ferrit	10016488	132	100.0	True
l-lymf	9205	132	100.0	True
vp-gluk-0h	607051	131	0.0	False
vp-gluk-1h	607052	131	0.0	False
du-ca	3002011	131	100.0	True
vp-gluk-2h	607053	131	0.0	False
du-normet	1002406	131	0.0	False
p-c-pept	1000576	131	100.0	True
sy-leuk	6003080	131	100.0	True
nu-alb	618176	131	100.0	True
p-ca-albk	645508	130	100.0	True
fp-urea	604445	130	100.0	True
fp-kol-ldl	2099	130	100.0	True
fe-folaat	5001414	130	100.0	True
s-hcgbv/d	3897208	130	100.0	True
p-amylp	622018	130	0.0	False
u-baktvi	1155	130	0.0	False
du-metnef	1002336	130	0.0	False
fe-folaat	610020	130	100.0	True
s-viseabm	20608	130	0.0	False
l-lymf	0015	129	0.0	False
p-ferrit	604276	129	100.0	True
pf-ph	10033	129	100.0	True
l-mono	0016	129	0.0	False
p-ps	3004449	129	100.0	True
s-tygl	2828	129	100.0	True
sy-eryt	6003732	129	100.0	True
ly-cd4-t	22081	128	100.0	True
p-tnt	10010873	128	100.0	True
s-van	6003277	128	100.0	True
p-ca-albk	8568	128	100.0	True
s-ace	1092	128	100.0	True
b-t-cd4	874	128	100.0	True
cb-emäsylimäärä	0769	128	100.0	True
ab-be	0324	128	100.0	True
p-hcg	1002122	128	0.0	False
li-laktaat	2186	128	100.0	True
p-hcg-tot	6469	127	0.0	False
s-ohkarba	3003957	127	100.0	True
leukpika	0109	127	0.0	False
s-psa-v/t	10096	127	100.0	True
fs-fe	622597	127	0.0	False
fs-e-vit	3169	127	100.0	True
omaastmatesti	620126	127	0.0	False
b-eryt	1101341	126	100.0	True
p-digoks	604892	126	0.0	False
fs-transf	3002756	126	100.0	True
s-afsuol2	633100	125	0.0	False
b-hb-co	1566	125	100.0	True
s-afsuol1	633121	125	100.0	True
fe-folaat	14140	125	100.0	True
b-tnt-o	104464	125	0.0	False
s-afsuol3	633101	125	100.0	True
s-afos	3001046	125	100.0	True
b-hba1c/pika	61289	125	0.0	False
u-bakt-vi	1155	125	0.0	False
s-afmakro	602864	125	100.0	True
p-probnp	10010875	125	100.0	True
s-afmaksa	602862	125	100.0	True
s-afluust	602861	125	100.0	True
s-t4-vdi	1000811	124	100.0	True
s-mtx	2346	124	100.0	True
p-luakptt	607079	124	0.0	False
p-luakrvv	607078	124	0.0	False
pd-leuk	902	123	100.0	True
s-hcg-b-v	604532	123	100.0	True
b-hba1c	614611	123	100.0	True
vb-he-tase,vb-be.b	101543_2	123	0.0	False
b-hba1c-om	2632285	123	0.0	False
koivu	1000971	123	100.0	True
b-crp-pika	170	123	0.0	False
p-ca	1605254	122	100.0	True
fs-ca-ion/ph7.40	596	122	100.0	True
oma-inr	469	122	0.0	False
fb-leuk	102218	122	100.0	True
u-lier	604501	122	100.0	True
u-epit	604500	122	100.0	True
s-pappa	604533	122	100.0	True
ab-caionvt	11587	122	100.0	True
happamuusaste,virtsasta,vieritesti	1364	122	0.0	False
pf-ada/s-ada	911	121	0.0	False
s-ccpab	602776	121	100.0	True
fosfatidyylietanoli	12510	121	0.0	False
pt-gfreepi	623503	121	0.0	False
p-bnp	629974	121	0.0	False
u-eryt	604502	121	100.0	True
p-d-25	604467	121	100.0	True
p-t4-v	3738337	121	100.0	True
fp-transf	604442	120	100.0	True
u-albkrea	2630745	120	0.0	False
pt-gfre-md	619590	120	0.0	False
inr-pika	618353	120	0.0	False
p-inrosoitus	50220	120	0.0	False
b-eos	1605105	119	100.0	True
f-calpro	604353	119	100.0	True
u-sakka,eryt	2600_ERYT	119	0.0	False
u-osmolaliteetti,estimoitu	20479	119	100.0	True
kol/hdl	10006	119	0.0	False
pf-happamuusaste	50056	119	0.0	False
s-hcgbv/d	2644960	118	0.0	False
s-afp	3001040	118	57.58	True
u-suhti	0349	118	0.0	False
ua-ph	8915	118	0.0	False
s-b2miglo	3001171	118	100.0	True
monos	1602925	118	100.0	True
s-clahere	7121	118	100.0	True
timotei	1000973	118	100.0	True
s-ebvabg	1336	117	100.0	True
s-pct	1773	117	100.0	True
p-tnt	602456	117	100.0	True
p-tfr	10015175	117	100.0	True
l-baso	6001168	117	100.0	True
s-vzvabg	3004467	116	0.0	False
crpvieritesti	9041	116	0.0	False
sy-muutsol	3000284	116	100.0	True
p-lh	7037274	116	100.0	True
sy-lymf	3000283	116	100.0	True
sy-gran	3000272	116	100.0	True
b-cya	1003606	116	100.0	True
p-krea	648008	115	100.0	True
oma-fp-glu	610095	115	0.0	False
s-koirae	3000431	115	0.0	False
p-ca-albk	1613776	115	100.0	True
metam	345	115	100.0	True
inr,tk	604590	115	0.0	False
s-normet	2407	114	99.87	True
f-calpro	605777	114	0.0	False
s-viseabg	20607	114	0.0	False
p-na-vt	629738	114	0.0	False
p-ck-mb	3004524	114	100.0	True
p-k-vt	629757	114	0.0	False
s-aldos	627663	114	0.0	False
p-mb/ck	3009364	114	0.0	False
p-ca12-5	7037269	114	100.0	True
oma-hba1c	630432	113	0.0	False
ab-be	9216	113	100.0	True
p-gluk-o	13975	113	100.0	True
s-piiinp	3682	113	98.49	True
u-huum-10,ominaispaino	630291_12	113	0.0	False
u-levyep	3000291	113	100.0	True
s-hbsab	3001608	113	98.86	True
p-lh/fsh	615523	113	0.0	False
p-igg	1605020	113	100.0	True
mono	601	113	100.0	True
b-leuk	1600041	112	100.0	True
s-kissae	3000430	112	0.0	False
s-c3	3002106	112	100.0	True
b-tnt-o	4464	112	99.91	True
s-afos	11046	112	100.0	True
u-albkre	625978	112	100.0	True
cb-tt-inr	9520	112	100.0	True
cb-be	50031	112	100.0	True
p-probnp	3945215	111	0.0	False
tromboplastiiniaika,inr-tulostus,kapillaariverestä	10757	111	0.0	False
p-tnt	600822	111	100.0	True
e-mch	3629412	111	100.0	True
s-lamotri	3004328	111	100.0	True
s-c4	3002107	111	100.0	True
l-eos	0012	111	0.0	False
p-korsol	604893	110	100.0	True
l-liusk	9202	110	100.0	True
p-aptt	6002783	110	100.0	True
p-ferrit	10016494	110	100.0	True
p-il6	10779	110	100.0	True
myel	344	110	100.0	True
f-calpro	630232	110	0.0	False
e-rdw	10838	110	100.0	True
b-hba1c	2632265	110	0.0	False
p-at3-spr	3011103	109	100.0	True
testo/shbg	828	109	0.0	False
ly-t-cd4/cd8,t-auttaja/estäjäsolujensuhde	50009	109	0.0	False
ab-po2	0322	109	100.0	True
oma-b-fid	7351887	109	0.0	False
cb-emäsylimäärä	10191	108	100.0	True
pika-virtsaliuska,u-ph	602140_5	108	0.0	False
p-fviii	1097	108	100.0	True
f-calpro	3658782	108	0.0	False
fs-fe	3002566	108	100.0	True
fp-gluk/pi	2606304	108	0.0	False
p-psa-suh	3946036	108	100.0	True
vb-emäsylimäärä	11584	108	0.0	False
pika-virtsaliuska,u-suhti-o	602140_3	108	0.0	False
fs-trfesat	4008498	108	100.0	True
s-psa-v	104254	107	100.0	True
b-trom	1102791	107	100.0	True
fp-fe	602776	107	0.0	False
s-hs-crp	8022	107	100.0	True
s-klotsa	619537	107	0.0	False
s-trypt	9872	107	100.0	True
phadiatop	970	107	100.0	True
p-hcyst	1867	106	100.0	True
s-psa-t	603280	106	100.0	True
ph	5010	106	0.0	False
ps-crp	100110	106	0.0	False
e-mchc	3629413	106	100.0	True
s-gliadie	14063	106	0.0	False
s-ccpab	610918	106	100.0	True
p-probnp	602403	106	100.0	True
cb-gluk-v	1469	105	0.0	False
fluor,nat,fl-clue	1621921_3	105	0.0	False
b-erytrosyytit	1341	105	100.0	True
s-bopeaba	3003311	105	100.0	True
u-sakka,leuk	2600_LEUK	105	0.0	False
b-leuk-hoi	9911018	105	0.0	False
u-ph.	4083929	105	0.0	False
fluor,nat,fl-hiiva	1621921_2	105	0.0	False
du-metnef	3002336	105	100.0	True
ab-pco2	0321	105	100.0	True
fp-gluk0	9542	105	100.0	True
s-vzvabm	1806	105	0.0	False
fs-transf	2756	105	100.0	True
s-mpoab	4148	105	65.9	True
fp-transf	603428	104	0.0	False
b-lymf	604947	104	100.0	True
s-bopeabg	3003312	104	100.0	True
l-mono	604944	104	100.0	True
b-baso	625831	104	100.0	True
l-neut	604941	104	100.0	True
l-eos	605029	104	100.0	True
pt-lämpöt	6000612	104	100.0	True
l-lymf	604942	104	100.0	True
s-risper	605908	104	0.0	False
u-suhti.	4083930	104	0.0	False
u-osmole	3635090	104	0.0	False
fluor,nat,muuta	1621921_4	104	0.0	False
du-normet	3002406	104	100.0	True
l-baso	604945	104	100.0	True
p-t3-v	106362	104	0.0	False
baso	603	104	100.0	True
b-mono	604948	104	100.0	True
p-mg	604431	103	100.0	True
p-d-25	1101220	103	100.0	True
s-osmol	3002443	103	100.0	True
s-koivue	3000415	103	0.0	False
pf-prot	2515	103	100.0	True
s-gadab	3004400	103	100.0	True
p-ph	45094	102	0.0	False
p-d-25	4001220	102	100.0	True
f-calpro	1631884	102	0.0	False
fluor,nat,fl-leuk	1621921_1	102	0.0	False
cb-be	0206	102	100.0	True
s-pujoe	3000419	102	100.0	True
s-alfgale	13772	102	100.0	True
du-krea	2141	102	100.0	True
p-c3	1010790	102	0.0	False
b-fidd-o	13042	102	100.0	True
s-igf1	1003253	101	0.0	False
s-antitry	3001038	101	100.0	True
cb-be	0418	101	100.0	True
p-rf	1629868	101	0.0	False
fp-renin	3003603	101	100.0	True
s-d-25	625400	101	100.0	True
u-prot	3002519	101	71.93	True
